subject,triples,cycle
Q111053,"[[""Dragan Espenschied"", ""instance of"", ""person""], [""Dragan Espenschied"", ""occupation"", ""Digital Art Conservation Program""], [""Dragan Espenschied"", ""employer"", ""Rhizome""], [""2014"", ""instance of"", ""year""], [""Digital Art Conservation Program"", ""instance of"", ""project""], [""Rhizome"", ""instance of"", ""organization""], [""Digital Art Conservation Program"", ""field of work"", ""Digital Art""], [""Digital Art Conservation Program"", ""start date"", ""2014""], [""Digital Art Conservation Program"", ""leader"", ""Dragan Espenschied""]]",1
Q11107,"[[""Sonia Sotomayor"", ""instance of"", ""human""], [""Yale Law School"", ""instance of"", ""educational institution""], [""Sonia Sotomayor"", ""educated at"", ""Yale Law School""], [""Sonia Sotomayor"", ""instance of"", ""scholarship recipient""]]",1
Q11109046,"[[""Cha Liang-Chao"", ""instance of"", ""human""], [""Nankai Middle School"", ""instance of"", ""educational institution""], [""Tsinghua College"", ""instance of"", ""educational institution""], [""Cha Liang-Chao"", ""educated at"", ""Nankai Middle School""], [""Cha Liang-Chao"", ""educated at"", ""Tsinghua College""]]",1
Q1112005,"[[""Queen Latifah"", ""instance of"", ""human""], [""Queen Latifah"", ""sex or gender"", ""female""], [""Queen Latifah"", ""occupation"", ""singer""], [""Queen Latifah"", ""occupation"", ""actor""], [""Candace Award"", ""instance of"", ""award""], [""The National Coalition of 100 Black Women"", ""instance of"", ""organization""], [""Queen Latifah"", ""award received"", ""Candace Award""], [""Candace Award"", ""awarder"", ""The National Coalition of 100 Black Women""], [""1992"", ""instance of"", ""year""], [""Queen Latifah"", ""time period"", ""1992""]]",1
Q1112195,"[[""14 September 2014"", ""instance of"", ""date""], [""January 2013"", ""instance of"", ""date""], [""Mario Sampirisi"", ""instance of"", ""human""], [""Vicenza"", ""instance of"", ""sports team""], [""Chievo"", ""instance of"", ""sports team""], [""Mario Sampirisi"", ""member of sports team"", ""Vicenza""], [""Mario Sampirisi"", ""member of sports team"", ""Chievo""]]",1
Q111240,"[[""Jim Lovell"", ""instance of"", ""human""], [""Marilyn Lillie Gerlach"", ""instance of"", ""human""], [""Lillie (n\u221a\u00a9e Nordrum)"", ""instance of"", ""human""], [""Carl Gerlach"", ""instance of"", ""human""], [""Naval Academy"", ""instance of"", ""educational institution""], [""1952"", ""instance of"", ""year""], [""Jim Lovell"", ""educated at"", ""Naval Academy""], [""Jim Lovell"", ""spouse"", ""Marilyn Lillie Gerlach""], [""Marilyn Lillie Gerlach"", ""child"", ""Lillie (n\u221a\u00a9e Nordrum)""], [""Marilyn Lillie Gerlach"", ""child"", ""Carl Gerlach""]]",1
Q1112554,"[[""Coleen Gray"", ""instance of"", ""human""], [""Rod Amateau"", ""instance of"", ""human""], [""Susan"", ""instance of"", ""human""], [""Coleen Gray"", ""spouse"", ""Rod Amateau""], [""Rod Amateau"", ""occupation"", ""screenwriter""], [""Coleen Gray"", ""sex or gender"", ""female""], [""Rod Amateau"", ""sex or gender"", ""male""], [""Coleen Gray"", ""date of birth"", ""August 10, 1945""], [""Rod Amateau"", ""date of birth"", ""February 11, 1949""], [""Susan"", ""date of birth"", ""1946""], [""Coleen Gray"", ""parent of"", ""Susan""], [""Rod Amateau"", ""parent of"", ""Susan""]]",1
Q1112656,"[[""Peter Welch"", ""instance of"", ""human""], [""College of the Holy Cross"", ""instance of"", ""educational institution""], [""Peter Welch"", ""educated at"", ""College of the Holy Cross""], [""Peter Welch"", ""date of graduation"", ""1969""], [""Peter Welch"", ""academic degree"", ""magna cum laude""], [""Peter Welch"", ""year of degree"", ""1973""], [""Peter Welch"", ""degree"", ""J.""]]",1
Q1113332,"[[""Andrew Lih"", ""instance of"", ""human""], [""Andrew Lih"", ""occupation"", ""associate professor of journalism""], [""Andrew Lih"", ""position held"", ""associate professor of journalism""], [""Andrew Lih"", ""employer"", ""American University""], [""American University"", ""instance of"", ""educational institution""]]",1
Q1113742,"[[""Clare Hollingworth"", ""instance of"", ""human""], [""Clare Hollingworth"", ""occupation"", ""defence correspondent""], [""the Guardian"", ""instance of"", ""newspaper""], [""Clare Hollingworth"", ""employer"", ""the Guardian""], [""the Telegraph"", ""instance of"", ""newspaper""], [""Clare Hollingworth"", ""employer"", ""the Telegraph""]]",1
Q1113874,"[[""Olivier Renard"", ""instance of"", ""human""], [""Olivier Renard"", ""member of sports team"", ""Standard Liege""], [""January 2008"", ""instance of"", ""date""], [""Olivier Renard"", ""transferred in"", ""January 2008""]]",1
Q1114314,"[[""Joelson Jos\u00e9 In\u00e1cio"", ""instance of"", ""human""], [""24 August 2012"", ""instance of"", ""date""], [""Siena"", ""instance of"", ""sports team""], [""Joelson Jos\u00e9 In\u00e1cio"", ""member of sports team"", ""Siena""], [""Joelson Jos\u00e9 In\u00e1cio"", ""occupation"", ""free agent""]]",1
Q11153,"[[""John Roberts"", ""instance of"", ""human""], [""John Roberts"", ""educated at"", ""Harvard""], [""John Roberts"", ""graduation year"", ""1976""]]",1
Q111536,"[[""William Julius Wilson"", ""instance of"", ""human""], [""Washington State University"", ""instance of"", ""educational institution""], [""University of Massachusetts Amherst"", ""instance of"", ""educational institution""], [""University of Chicago"", ""instance of"", ""educational institution""], [""William Julius Wilson"", ""educated at"", ""Washington State University""], [""William Julius Wilson"", ""occupation"", ""sociology""], [""William Julius Wilson"", ""employer"", ""University of Massachusetts Amherst""], [""William Julius Wilson"", ""employer"", ""University of Chicago""]]",1
Q111637,"[[""Leon Henkin"", ""instance of"", ""human""], [""1964 Chauvenet Prize"", ""instance of"", ""award""], [""Leon Henkin"", ""award received"", ""1964 Chauvenet Prize""]]",1
Q1117417,"[[""Davide Marchini"", ""instance of"", ""human""], [""31 January 2012"", ""instance of"", ""date""], [""SPAL 1907"", ""instance of"", ""sports team""], [""Davide Marchini"", ""member of sports team"", ""SPAL 1907""], [""Davide Marchini"", ""date of signing contract"", ""31 January 2012""]]",1
Q1117426,"[[""Francesco Parravicini"", ""instance of"", ""human""], [""January 2006"", ""instance of"", ""time period""], [""Fiorentina"", ""instance of"", ""sports team""], [""2 \u20ac"", ""instance of"", ""currency""], [""11 February 2007"", ""instance of"", ""time period""], [""Serie A"", ""instance of"", ""sports league""], [""Parma"", ""instance of"", ""sports team""], [""A"", ""instance of"", ""sports team""], [""May 2006"", ""instance of"", ""time period""], [""Palermo"", ""instance of"", ""sports team""], [""1 \u20ac"", ""instance of"", ""currency""], [""June 2009"", ""instance of"", ""time period""], [""Siena"", ""instance of"", ""sports team""], [""Francesco Parravicini"", ""member of sports team"", ""Fiorentina""], [""Francesco Parravicini"", ""member of sports team"", ""Parma""], [""Fiorentina"", ""member of sports team"", ""Palermo""], [""Francesco Parravicini"", ""member of sports team"", ""Siena""]]",1
Q11178455,"[[""Hui-lan Oei"", ""instance of"", ""human""], [""Caulfield-Stoker"", ""instance of"", ""human""], [""Wellington Koo"", ""instance of"", ""human""], [""Paris"", ""instance of"", ""geographic location""], [""1920"", ""instance of"", ""date""], [""Hui-lan Oei"", ""spouse"", ""Caulfield-Stoker""], [""Hui-lan Oei"", ""spouse"", ""Wellington Koo""], [""Hui-lan Oei"", ""place of meeting"", ""Paris""], [""Meeting of Hui-lan Oei and Wellington Koo"", ""date"", ""1920""]]",1
Q11179906,"[[""Katepalli R. Sreenivasan"", ""instance of"", ""person""], [""University of Maryland, College Park"", ""instance of"", ""educational institution""], [""Institute for Physical Sciences and Technology"", ""instance of"", ""academic institution""], [""University of Maryland College of Computer, Mathematical, and Natural Sciences"", ""instance of"", ""academic institution""], [""Yale University"", ""instance of"", ""educational institution""], [""Katepalli R. Sreenivasan"", ""educated at"", ""Yale University""], [""Katepalli R. Sreenivasan"", ""occupation"", ""director""], [""Katepalli R. Sreenivasan"", ""employer"", ""University of Maryland, College Park""], [""Katepalli R. Sreenivasan"", ""occupation"", ""assistant professor""], [""Katepalli R. Sreenivasan"", ""employer"", ""Yale University""]]",1
Q11181597,"[[""Jos\u00e9 Fernando Ferreira Mendes"", ""instance of"", ""human""], [""University of Aveiro"", ""instance of"", ""educational institution""], [""University of Aveiro"", ""employer"", ""Jos\u00e9 Fernando Ferreira Mendes""], [""Jos\u00e9 Fernando Ferreira Mendes"", ""occupation"", ""associate professor""], [""Jos\u00e9 Fernando Ferreira Mendes"", ""occupation"", ""professor""], [""Jos\u00e9 Fernando Ferreira Mendes"", ""educated at"", ""University of Aveiro""]]",1
Q11190869,"[[""Ida Barney"", ""instance of"", ""human""], [""Ida Barney"", ""educated at"", ""Smith College""], [""Ida Barney"", ""occupation"", ""Bachelor of Arts degree""]]",1
Q11191412,"[[""George W. Clark"", ""instance of"", ""human""], [""Harvard"", ""instance of"", ""educational institution""], [""George W. Clark"", ""educated at"", ""Harvard""]]",1
Q11192,"[[""Kimi R\u221a\u00a7ikk\u221a\u2202nen"", ""instance of"", ""human""], [""Kimi R\u221a\u00a7ikk\u221a\u2202nen"", ""occupation"", ""Formula One driver""], [""Kimi R\u221a\u00a7ikk\u2202nen"", ""member of sports team"", ""Sauber-Petronas""], [""2001"", ""participant in"", ""Formula One""], [""Kimi R\u221a\u00a7ikk\u221a\u2202nen"", ""field of work"", ""Formula One""], [""Kimi R\u221a\u00a7ikk\u221a\u2202nen"", ""participant in"", ""2009 Rally Finland""], [""Kimi R\u221a\u00a7ikk\u221a\u2202nen"", ""participant in"", ""Hungarian Grand Prix""], [""Kimi R\u221a\u00a7ikk\u221a\u2202nen"", ""field of work"", ""World Rally Championship""], [""Kimi R\u221a\u00a7ikk\u221a\u2202nen"", ""member of sports team"", ""ICE 1 Racing""], [""Kimi R\u221a\u00a7ikk\u221a\u2202nen"", ""number of matches played/races/starts"", ""23""]]",1
Q1119554,"[[""Salvatore Boniello"", ""instance of"", ""human""], [""Guardia Lombardi"", ""instance of"", ""geographic location""], [""Campania"", ""instance of"", ""geographic location""], [""Italy"", ""instance of"", ""sovereign state""], [""Salvatore Boniello"", ""date of birth"", ""18 February 1928""], [""Salvatore Boniello"", ""place of birth"", ""Guardia Lombardi""], [""Salvatore Boniello"", ""place of birth"", ""Campania""], [""Salvatore Boniello"", ""place of birth"", ""Italy""], [""Salvatore Boniello"", ""country of citizenship"", ""Italy""]]",1
Q111996,"[[""Otto E. Neugebauer"", ""instance of"", ""human""], [""Henry Norris Russell Lectureship"", ""instance of"", ""award""], [""American Astronomical Society"", ""instance of"", ""organization""], [""Otto E. Neugebauer"", ""award received"", ""Henry Norris Russell Lectureship""], [""Henry Norris Russell Lectureship"", ""instance of"", ""award""], [""American Astronomical Society"", ""gave award to"", ""Otto E. Neugebauer""]]",1
Q112033,"[[""Inge Morath"", ""instance of"", ""human""], [""Arthur Miller"", ""instance of"", ""human""], [""Magnum Photos"", ""instance of"", ""organization""], [""United States"", ""instance of"", ""country""], [""Inge Morath"", ""country of citizenship"", ""United States""], [""Inge Morath"", ""spouse"", ""Arthur Miller""], [""Inge Morath"", ""member of"", ""Magnum Photos""]]",1
Q11208171,"[[""Morris Sugden"", ""instance of"", ""human""], [""Morris Sugden"", ""award received"", ""CBE""], [""Morris Sugden"", ""award received"", ""Knighthood""]]",1
Q112167,"[[""Boris Kodjoe"", ""instance of"", ""human""], [""Nicole Ari Parker"", ""instance of"", ""human""], [""Soul Food: The Series"", ""instance of"", ""TV series""], [""Gundelfingen"", ""instance of"", ""geographic location""], [""Germany"", ""instance of"", ""sovereign state""], [""Boris Kodjoe"", ""sex or gender"", ""male""], [""Nicole Ari Parker"", ""sex or gender"", ""female""], [""Boris Kodjoe"", ""spouse"", ""Nicole Ari Parker""], [""Nicole Ari Parker"", ""spouse"", ""Boris Kodjoe""], [""Boris Kodjoe"", ""occupation"", ""actor""], [""Nicole Ari Parker"", ""occupation"", ""actor""], [""Boris Kodjoe"", ""country of citizenship"", ""Germany""], [""Boris Kodjoe"", ""residence"", ""Gundelfingen""], [""Nicole Ari Parker"", ""residence"", ""Gundelfingen""]]",1
Q1121913,"[[""D. R. Shackleton Bailey"", ""instance of"", ""human""], [""D. R. Shackleton Bailey"", ""occupation"", ""fellow""], [""D. R. Shackleton Bailey"", ""occupation"", ""lecturer in Tibetan""], [""D. R. Shackleton Bailey"", ""employer"", ""Caius""], [""D. R. Shackleton Bailey"", ""employer"", ""Cambridge University""], [""Caius"", ""instance of"", ""educational institution""], [""Cambridge University"", ""instance of"", ""educational institution""]]",1
Q112307,"[[""Lena Horne"", ""instance of"", ""human""], [""Special Tony Award"", ""instance of"", ""award""], [""1981"", ""instance of"", ""time period""], [""Adelphi Theatre in London"", ""instance of"", ""geographic location""], [""1984"", ""instance of"", ""time period""], [""Lena Horne"", ""award received"", ""Special Tony Award""], [""The show"", ""place of performance"", ""Adelphi Theatre in London""], [""The show"", ""time of event"", ""1984""]]",1
Q11236268,"[[""Ranko Zidari\u0192\u00e1"", ""instance of"", ""human""], [""Sa\u2248\u00b0a Broz"", ""instance of"", ""human""], [""Josip Broz Tito"", ""instance of"", ""human""], [""Yugoslavia"", ""instance of"", ""sovereign state""], [""1994"", ""instance of"", ""year""], [""Ranko Zidari\u0192\u00e1"", ""spouse"", ""Sa\u2248\u00b0a Broz""], [""Sa\u2248\u00b0a Broz"", ""spouse"", ""Ranko Zidari\u0192\u00e1""], [""Sa\u2248\u00b0a Broz"", ""granddaughter"", ""Josip Broz Tito""], [""Josip Broz Tito"", ""grandfather"", ""Sa\u2248\u00b0a Broz""], [""Josip Broz Tito"", ""country of citizenship"", ""Yugoslavia""]]",1
Q11237,"[[""Nelson Rockefeller"", ""instance of"", ""human""], [""Mary Rockefeller"", ""instance of"", ""human""], [""Nelson Rockefeller"", ""spouse"", ""Mary Rockefeller""], [""Mary Rockefeller"", ""spouse"", ""Nelson Rockefeller""], [""Nelson Rockefeller"", ""spouse"", ""Mary Rockefeller""], [""Mary Rockefeller"", ""spouse"", ""Nelson Rockefeller""]]",1
Q1124,"[[""Bill Clinton"", ""instance of"", ""person""], [""Hillary Rodham"", ""instance of"", ""person""], [""Yale"", ""instance of"", ""academic institution""], [""1975"", ""instance of"", ""year""], [""Bill Clinton"", ""met"", ""Hillary Rodham""], [""Bill Clinton"", ""married"", ""Hillary Rodham""], [""Bill Clinton"", ""educated at"", ""Yale""], [""Hillary Rodham"", ""educated at"", ""Yale""], [""Bill Clinton"", ""spouse"", ""Hillary Rodham""], [""Hillary Rodham"", ""spouse"", ""Bill Clinton""], [""Bill Clinton"", ""marriage year"", ""1975""], [""Hillary Rodham"", ""marriage year"", ""1975""]]",1
Q11248132,"[[""Megumu Sagisawa"", ""instance of"", ""human""], [""Kakeru sh\u2248\u00e7nen"", ""instance of"", ""novel""], [""1992 Izumi Ky\u2248\u00e7ka Prize for Literature"", ""instance of"", ""literary award""], [""Megumu Sagisawa"", ""award received"", ""1992 Izumi Ky\u2248\u00e7ka Prize for Literature""]]",1
Q112505,"[[""Herbert Federer"", ""instance of"", ""human""], [""Wendell Fleming"", ""instance of"", ""human""], [""American Mathematical Society's Steele Prize"", ""instance of"", ""award""], [""Normal and Integral currents"", ""instance of"", ""scholarly work""], [""Herbert Federer"", ""field of work"", ""Normal and Integral currents""], [""Wendell Fleming"", ""field of work"", ""Normal and Integral currents""], [""Herbert Federer"", ""award received"", ""American Mathematical Society's Steele Prize""], [""Wendell Fleming"", ""award received"", ""American Mathematical Society's Steele Prize""]]",1
Q1125294,"[[""Franziska zu K\u00f6nigsegg-Aulendorf"", ""instance of"", ""human""], [""Count Gy\u00f6rgy Andr\u00e1s Gyula Alad\u00e1r M\u00e1ria J\u00f3zsef B\u00e9la Luk\u00e1cs Mih\u00e1ly Istv\u00e1n J\u00e1nos Andr\u00e1s G\u00e9za"", ""instance of"", ""human""], [""Franziska zu K\u00f6nigsegg-Aulendorf"", ""spouse"", ""Count Gy\u00f6rgy Andr\u00e1s Gyula Alad\u00e1r M\u00e1ria J\u00f3zsef B\u00e9la Luk\u00e1cs Mih\u00e1ly Istv\u00e1n J\u00e1nos Andr\u00e1s G\u00e9za""]]",1
Q11259225,"[[""Issei Ishida"", ""instance of"", ""human""], [""Emi Miyake"", ""instance of"", ""human""], [""Issei Ishida"", ""spouse"", ""Emi Miyake""], [""Emi Miyake"", ""spouse"", ""Issei Ishida""]]",1
Q11259379,"[[""Tasuku Emoto"", ""instance of"", ""human""], [""Sakura Ando"", ""instance of"", ""human""], [""Tasuku Emoto"", ""occupation"", ""actor""], [""Sakura Ando"", ""occupation"", ""actress""], [""Tasuku Emoto"", ""spouse"", ""Sakura Ando""]]",1
Q11274043,"[[""Jane Pauley"", ""instance of"", ""human""], [""Garry Trudeau"", ""instance of"", ""human""], [""Jane Pauley"", ""occupation"", ""cartoonist""], [""Garry Trudeau"", ""occupation"", ""creator of Doonesbury""], [""Jane Pauley"", ""spouse"", ""Garry Trudeau""], [""Jane Pauley"", ""date of marriage"", ""June 14, 1980""], [""Garry Trudeau"", ""spouse"", ""Jane Pauley""], [""Garry Trudeau"", ""date of marriage"", ""June 14, 1980""]]",1
Q11281593,"[[""Megumi Igarashi"", ""instance of"", ""human""], [""Mike Scott"", ""instance of"", ""human""], [""The Waterboys"", ""instance of"", ""group of humans""], [""Mike Scott"", ""occupation"", ""frontman""], [""Mike Scott"", ""spouse"", ""Megumi Igarashi""], [""Megumi Igarashi"", ""spouse"", ""Mike Scott""]]",1
Q113081,"[[""Walter Munk"", ""instance of"", ""human""], [""1986 Bakerian Lecture"", ""instance of"", ""lecture""], [""the Royal Society"", ""instance of"", ""organization""], [""Ships from Space (paper)"", ""instance of"", ""scholarly work""], [""Acoustic monitoring of ocean gyres (lecture)"", ""instance of"", ""lecture""], [""Walter Munk"", ""occupation"", ""gave lecture""], [""Walter Munk"", ""field of work"", ""Acoustic monitoring of ocean gyres (lecture)""], [""Walter Munk"", ""field of work"", ""Ships from Space (paper)""], [""1986 Bakerian Lecture"", ""described by source"", ""Walter Munk""], [""the Royal Society"", ""educational at"", ""Walter Munk""]]",1
Q1130817,"[[""Andrea Giallombardo"", ""instance of"", ""human""], [""Ascoli"", ""instance of"", ""geographic location""], [""Lega Pro Prima Divisione club Latina"", ""instance of"", ""sports team""], [""Andrea Giallombardo"", ""member of sports team"", ""Lega Pro Prima Divisione club Latina""], [""Andrea Giallombardo"", ""member of sports team"", ""Ascoli""]]",1
Q11316354,"[[""Tamotsu Shibutani"", ""instance of"", ""human""], [""University of Chicago"", ""instance of"", ""educational institution""], [""Tamotsu Shibutani"", ""educated at"", ""University of Chicago""], [""Tamotsu Shibutani"", ""occupation"", ""doctorate""], [""1948"", ""instance of"", ""year""], [""Tamotsu Shibutani"", ""date of birth"", ""1948""]]",1
Q113206,"[[""Clark Gregg"", ""instance of"", ""human""], [""Jennifer Grey"", ""instance of"", ""human""], [""Road to Christmas"", ""instance of"", ""film""], [""Clark Gregg"", ""occupation"", ""actor""], [""Jennifer Grey"", ""occupation"", ""actress""], [""Clark Gregg"", ""spouse"", ""Jennifer Grey""], [""Jennifer Grey"", ""spouse"", ""Clark Gregg""], [""Road to Christmas"", ""genre"", ""Lifetime TV movie""], [""Clark Gregg"", ""country of citizenship"", ""United States""], [""Jennifer Grey"", ""country of citizenship"", ""United States""]]",1
Q11326841,"[[""Harry Smith"", ""instance of"", ""human""], [""November 30, 1987"", ""instance of"", ""date""], [""June 14, 1996"", ""instance of"", ""date""], [""CBS This Morning"", ""instance of"", ""television program""], [""Harry Smith"", ""occupation"", ""co-anchor""], [""Harry Smith"", ""employer"", ""CBS This Morning""], [""Harry Smith"", ""work period (start)"", ""November 30, 1987""], [""Harry Smith"", ""work period (end)"", ""June 14, 1996""]]",1
Q1133060,"[[""Cormac Breslin"", ""instance of"", ""human""], [""Fianna F\u00e1il"", ""instance of"", ""political party""], [""TD"", ""instance of"", ""position""], [""Donegal West"", ""instance of"", ""constituency""], [""1937 general election"", ""instance of"", ""election event""], [""Cormac Breslin"", ""member of political party"", ""Fianna F\u00e1il""], [""Cormac Breslin"", ""position held"", ""TD""], [""Cormac Breslin"", ""occupation"", ""TD for the Donegal West""], [""Cormac Breslin"", ""elected in"", ""1937 general election""]]",1
Q113384,"[[""Jon Moxley"", ""instance of"", ""human""], [""Renee Young"", ""instance of"", ""human""], [""Jon Moxley"", ""spouse"", ""Renee Young""], [""Renee Young"", ""spouse"", ""Jon Moxley""]]",1
Q113433,"[[""Franzobel"", ""instance of"", ""human""], [""Nicolas Born Prize"", ""instance of"", ""literary award""], [""German Book Prize"", ""instance of"", ""literary award""], [""Das Flo\u221a\u00fc der Medusa"", ""instance of"", ""book""], [""Franzobel"", ""award received"", ""Nicolas Born Prize""], [""Franzobel"", ""award received"", ""German Book Prize""], [""Das Flo\u221a\u00fc der Medusa"", ""notable work"", ""Franzobel""]]",1
Q1134374,"[[""Curt John Ducasse"", ""instance of"", ""human""], [""Harvard University"", ""instance of"", ""educational institution""], [""Curt John Ducasse"", ""educated at"", ""Harvard University""], [""Curt John Ducasse"", ""occupation"", ""PhD""]]",1
Q1135767,"[[""Cory Booker"", ""instance of"", ""human""], [""Sharpe James"", ""instance of"", ""human""], [""Stanford University"", ""instance of"", ""educational institution""], [""Mayor of Newark"", ""instance of"", ""position""], [""Councilman"", ""instance of"", ""position""], [""Bachelor of Arts in political science"", ""instance of"", ""degree""], [""Master of Arts in sociology"", ""instance of"", ""degree""], [""Cory Booker"", ""educated at"", ""Stanford University""], [""Cory Booker"", ""position held"", ""Councilman""], [""Cory Booker"", ""position held"", ""Mayor of Newark""], [""Cory Booker"", ""field of work"", ""political science""], [""Cory Booker"", ""field of work"", ""sociology""], [""Sharpe James"", ""position held"", ""Mayor of Newark""]]",1
Q1135774,"[[""Cory Gardner"", ""instance of"", ""human""], [""Cory Gardner"", ""occupation"", ""lawyer""], [""Cory Gardner"", ""educated at"", ""University of Colorado""], [""University of Colorado"", ""instance of"", ""educational institution""]]",1
Q1135783,"[[""Cory Gibbs"", ""instance of"", ""human""], [""English Premier League"", ""instance of"", ""sports organization""], [""Charlton Athletic"", ""instance of"", ""sports team""], [""Alan Curbishley"", ""instance of"", ""human""], [""Cory Gibbs"", ""member of sports team"", ""Charlton Athletic""], [""Charlton Athletic"", ""league"", ""English Premier League""], [""Cory Gibbs"", ""work period (start)"", ""May 2006""], [""Alan Curbishley"", ""occupation"", ""departure""]]",1
Q1136788,"[[""Fabrizio Di Mauro"", ""instance of"", ""human""], [""Italian squad"", ""instance of"", ""sports team""], [""1994 FIFA World Cup"", ""instance of"", ""sport competition""], [""Lazio"", ""instance of"", ""sports team""], [""Fabrizio Di Mauro"", ""member of sports team"", ""Italian squad""], [""Fabrizio Di Mauro"", ""member of sports team"", ""Lazio""], [""Italian squad"", ""country for sport"", ""Italy""], [""Lazio"", ""country for sport"", ""Italy""], [""1994 FIFA World Cup"", ""sport"", ""football""]]",1
Q1136815,"[[""Adriano Bonaiuti"", ""instance of"", ""human""], [""Udinese"", ""instance of"", ""sports team""], [""Rome"", ""instance of"", ""geographic location""], [""Luciano Spalletti"", ""instance of"", ""human""], [""Adriano Bonaiuti"", ""occupation"", ""goalkeeping coach""], [""Adriano Bonaiuti"", ""member of sports team"", ""Udinese""], [""Adriano Bonaiuti"", ""work period (start)"", ""2004""], [""Adriano Bonaiuti"", ""work period (end)"", ""2005""], [""Adriano Bonaiuti"", ""occupation"", ""goalkeeping coach""], [""Adriano Bonaiuti"", ""work period (start)"", ""2005""], [""Adriano Bonaiuti"", ""work period (end)"", ""2009""]]",1
Q1137066,"[[""Countee Cullen"", ""instance of"", ""human""], [""Yolande Du Bois"", ""instance of"", ""human""], [""April 9, 1928"", ""instance of"", ""date""], [""Countee Cullen"", ""spouse"", ""Yolande Du Bois""], [""Countee Cullen"", ""date of marriage"", ""April 9, 1928""]]",1
Q1137458,"[[""22 December 2018"", ""instance of"", ""time period""], [""Yang Mi"", ""instance of"", ""human""], [""Hawick Lau"", ""instance of"", ""human""], [""Jiaxing Media"", ""instance of"", ""Chinese entertainment and media company""], [""divorce"", ""instance of"", ""ritual""], [""Yang Mi and Hawick Lau"", ""instance of"", ""duo""], [""Yang Mi"", ""spouse"", ""Hawick Lau""], [""Hawick Lau"", ""spouse"", ""Yang Mi""], [""divorce"", ""time period"", ""22 December 2018""], [""Yang Mi and Hawick Lau"", ""ritual"", ""divorce""], [""Jiaxing Media"", ""Commons category"", ""joint-statement""]]",1
Q1138347,"[[""Masahiro Motoki"", ""instance of"", ""human""], [""Yayako Uchida"", ""instance of"", ""human""], [""Yayako Uchida"", ""occupation"", ""musician""], [""Yayako Uchida"", ""occupation"", ""essayist""], [""Kirin Kiki"", ""instance of"", ""human""], [""Yuya Uchida"", ""instance of"", ""human""], [""Yuya Uchida"", ""occupation"", ""rock and roll singer""], [""Masahiro Motoki"", ""spouse"", ""Yayako Uchida""]]",1
Q11384157,"[[""Sh\u2248\u00e7go Sat\u2248\u00e7"", ""instance of"", ""human""], [""Naoki Prize"", ""instance of"", ""literary award""], [""Tsuki no Michi Kake"", ""instance of"", ""work of literature""], [""157th Naoki Prize"", ""instance of"", ""award ceremony""], [""Sh\u2248\u00e7go Sat\u2248\u00e7"", ""award received"", ""157th Naoki Prize""], [""157th Naoki Prize"", ""award received"", ""Tsuki no Michi Kake""]]",1
Q1138416,"[[""Hamdan Al-Kamali"", ""instance of"", ""human""], [""Jean-Michel Aulas"", ""instance of"", ""human""], [""Hamdan Al-Kamali"", ""participant in"", ""negotiations""], [""28 January 2012"", ""instance of"", ""date""], [""Lyon"", ""instance of"", ""sports team""], [""Hamdan Al-Kamali"", ""member of sports team"", ""Lyon""], [""Hamdan Al-Kamali"", ""occupation"", ""footballer""]]",1
Q1138637,"[[""Craig Reedie"", ""instance of"", ""human""], [""Order of the British Empire"", ""instance of"", ""order of chivalry""], [""Queen's Birthday Honours"", ""instance of"", ""award ceremony""], [""2018 Queen's Birthday Honours"", ""instance of"", ""event""], [""Craig Reedie"", ""award received"", ""Knight Grand Cross of the Order of the British Empire""], [""Craig Reedie"", ""position held"", ""Knight Grand Cross of the Order of the British Empire""], [""2018 Queen's Birthday Honours"", ""award received"", ""Craig Reedie""], [""Craig Reedie"", ""occupation"", ""services to sport""]]",1
Q113953,"[[""Walter Boehlich"", ""instance of"", ""human""], [""1990 Johann Heinrich Merck Prize"", ""instance of"", ""award""], [""1997 Jane Scatcherd Translator Prize"", ""instance of"", ""award""], [""2001 Heinrich Mann Prize"", ""instance of"", ""award""], [""Wilhelm-Merton-Preis f\u221a\u00bar Europ\u221a\u00a7ische \u221a\u00fabersetzungen (Wilhelm Merton Prize for European Translations)"", ""instance of"", ""award""], [""Walter Boehlich"", ""award received"", ""1990 Johann Heinrich Merck Prize""], [""Walter Boehlich"", ""award received"", ""1997 Jane Scatcherd Translator Prize""], [""Walter Boehlich"", ""award received"", ""2001 Heinrich Mann Prize""], [""Walter Boehlich"", ""award received"", ""Wilhelm-Merton-Preis f\u221a\u00bar Europ\u221a\u00a7ische \u221a\u00fabersetzungen (Wilhelm Merton Prize for European Translations)""]]",1
Q113974,"[[""Michael K\u221a\u2202hlmeier"", ""instance of"", ""human""], [""Monika Helfer"", ""instance of"", ""human""], [""Monika Helfer"", ""instance of"", ""writer""], [""Michael K\u221a\u2202hlmeier"", ""spouse"", ""Monika Helfer""]]",1
Q1140116,"[[""Kenneth Tsang"", ""instance of"", ""human""], [""Chiao Chiao"", ""instance of"", ""human""], [""Kenneth Tsang"", ""occupation"", ""actor""], [""Chiao Chiao"", ""occupation"", ""actress""], [""Kenneth Tsang"", ""spouse"", ""Chiao Chiao""], [""Chiao Chiao"", ""country of citizenship"", ""Taiwan""]]",1
Q1140141,"[[""Cris Carter"", ""instance of"", ""human""], [""Ohio State University Buckeyes"", ""instance of"", ""sports team""], [""the Eagles"", ""instance of"", ""sports team""], [""1987 NFL supplemental draft"", ""instance of"", ""event""], [""Cris Carter"", ""member of sports team"", ""Ohio State University Buckeyes""], [""Cris Carter"", ""member of sports team"", ""the Eagles""], [""the Eagles"", ""participant in"", ""1987 NFL supplemental draft""], [""Cris Carter"", ""educated at"", ""Ohio State University""], [""4th Round"", ""part of"", ""1987 NFL supplemental draft""], [""Cris Carter"", ""occupies position"", ""red zone receiver""], [""Cris Carter"", ""participant in"", ""1989 professional sports season""], [""1989 professional sports season"", ""part of"", ""the Eagles""], [""Cris Carter"", ""achieved"", ""11 touchdown catches""], [""Cris Carter"", ""achieved"", ""45 passes""], [""Cris Carter"", ""achieved"", ""605 yards""]]",1
Q1140277,"[[""Cristian Bucchi"", ""instance of"", ""human""], [""Ascoli"", ""instance of"", ""sports team""], [""Pescara"", ""instance of"", ""sports team""], [""Napoli"", ""instance of"", ""sports team""], [""Cristian Bucchi"", ""member of sports team"", ""Ascoli""], [""Cristian Bucchi"", ""member of sports team"", ""Pescara""], [""Cristian Bucchi"", ""member of sports team"", ""Napoli""]]",1
Q1141159,"[[""Daniele Vantaggiato"", ""instance of"", ""human""], [""Blerim D\u2248\u00e6emaili"", ""instance of"", ""human""], [""Torino"", ""instance of"", ""sports team""], [""Daniele Vantaggiato"", ""member of sports team"", ""Torino""], [""Blerim D\u2248\u00e6emaili"", ""member of sports team"", ""Torino""]]",1
Q11413543,"[[""Metal Yoshida"", ""instance of"", ""human""], [""Hiromi Iwasaki"", ""instance of"", ""human""], [""Hiromi Iwasaki"", ""instance of"", ""actress""], [""Metal Yoshida"", ""spouse"", ""Hiromi Iwasaki""]]",1
Q11413923,"[[""Masakazu Watanabe"", ""instance of"", ""human""], [""Watanabe"", ""instance of"", ""family name""], [""Masakazu Watanabe"", ""family name"", ""Watanabe""], [""Masakazu Watanabe"", ""spouse"", ""his wife""], [""Masakazu Watanabe"", ""date of marriage"", ""November 2015""]]",1
Q1141456,"[[""Gustavo Bartelt"", ""instance of"", ""human""], [""Gustavo Bartelt"", ""member of sports team"", ""Roma""], [""Gustavo Bartelt"", ""date of birth"", ""2003""], [""Gustavo Bartelt"", ""date of birth"", ""2006""], [""fake documents charge"", ""instance of"", ""occupation""]]",1
Q1141464,"[[""Alberto Marchetti"", ""instance of"", ""human""], [""Alberto Marchetti"", ""given name"", ""Alberto""], [""Alberto Marchetti"", ""family name"", ""Marchetti""], [""Alberto Marchetti"", ""member of sports team"", ""Cagliari""], [""Alberto Marchetti"", ""date of joining"", ""1977""], [""Alberto Marchetti"", ""length of service"", ""six seasons""], [""Cagliari"", ""instance of"", ""sports team""], [""Cagliari"", ""promotion winning"", ""Serie A in 1979""]]",1
Q1142098,"[[""Mari Yaguchi"", ""instance of"", ""human""], [""Masaya Nakamura"", ""instance of"", ""human""], [""Mari Yaguchi"", ""occupation"", ""entertainment""], [""Mari Yaguchi"", ""spouse"", ""Masaya Nakamura""], [""Mari Yaguchi"", ""country of citizenship"", ""Japan""]]",1
Q1142313,"[[""Takako Matsu"", ""instance of"", ""human""], [""Yoshiyuki Sahashi"", ""instance of"", ""human""], [""Takako Matsu"", ""spouse"", ""Yoshiyuki Sahashi""], [""Yoshiyuki Sahashi"", ""spouse"", ""Takako Matsu""], [""Yoshiyuki Sahashi"", ""occupation"", ""guitarist""], [""Yoshiyuki Sahashi"", ""occupation"", ""record producer""], [""Takako Matsu"", ""name in native language"", ""Takako Sahashi""]]",1
Q11433,"[[""Francine Berman"", ""instance of"", ""human""], [""Francine Berman"", ""occupation"", ""vice president for research""], [""Francine Berman"", ""employer"", ""Rensselaer Polytechnic Institute""], [""Rensselaer Polytechnic Institute"", ""instance of"", ""educational institution""]]",1
Q11443689,"[[""Hiroshi Amano"", ""instance of"", ""human""], [""Isamu Akasaki"", ""instance of"", ""human""], [""Shuji Nakamura"", ""instance of"", ""human""], [""2014 Nobel Prize in Physics"", ""instance of"", ""science award""], [""blue light-emitting diodes"", ""instance of"", ""invention""], [""Hiroshi Amano"", ""award received"", ""2014 Nobel Prize in Physics""], [""Isamu Akasaki"", ""award received"", ""2014 Nobel Prize in Physics""], [""Shuji Nakamura"", ""award received"", ""2014 Nobel Prize in Physics""], [""Hiroshi Amano"", ""field of work"", ""Physics""], [""Isamu Akasaki"", ""field of work"", ""Physics""], [""Shuji Nakamura"", ""field of work"", ""Physics""], [""Hiroshi Amano"", ""occupation"", ""physicist""], [""Isamu Akasaki"", ""occupation"", ""physicist""], [""Shuji Nakamura"", ""occupation"", ""physicist""]]",1
Q1144841,"[[""Sousuke Takaoka"", ""instance of"", ""human""], [""Aoi Miyazaki"", ""instance of"", ""human""], [""Aoi Miyazaki"", ""occupation"", ""Japanese actress""], [""Sousuke Takaoka"", ""spouse"", ""Aoi Miyazaki""], [""Aoi Miyazaki"", ""spouse"", ""Sousuke Takaoka""]]",1
Q114509,"[[""Scott O'Dell"", ""instance of"", ""human""], [""Scott O'Dell"", ""occupation"", ""children's writer""], [""Hans Christian Andersen Award"", ""instance of"", ""award""], [""The University of Southern Mississippi Medallion"", ""instance of"", ""award""], [""Catholic Libraries Association Regina Medal"", ""instance of"", ""award""], [""Scott O'Dell"", ""field of work"", ""children's books""], [""Scott O'Dell"", ""award received"", ""Hans Christian Andersen Award""], [""Scott O'Dell"", ""award received"", ""The University of Southern Mississippi Medallion""], [""Scott O'Dell"", ""award received"", ""Catholic Libraries Association Regina Medal""]]",1
Q1145124,"[[""Mark Feeney"", ""instance of"", ""human""], [""Mark Feeney"", ""given name"", ""Mark""], [""Mark Feeney"", ""family name"", ""Feeney""], [""Harvard"", ""instance of"", ""educational institution""], [""Mark Feeney"", ""educated at"", ""Harvard""], [""1979"", ""instance of"", ""time""], [""Mark Feeney"", ""occupation"", ""researcher""], [""Mark Feeney"", ""occupation"", ""reporter""], [""Mark Feeney"", ""occupation"", ""reviewer""], [""Mark Feeney"", ""occupation"", ""editor""], [""the Globe"", ""instance of"", ""organization""], [""Mark Feeney"", ""works for"", ""the Globe""]]",1
Q1146031,"[[""Steve White"", ""instance of"", ""human""], [""Sally Lindsay"", ""instance of"", ""human""], [""Sally Lindsay"", ""occupation"", ""actress""], [""Sally Lindsay"", ""spouse"", ""Steve White""], [""Steve White"", ""spouse"", ""Sally Lindsay""], [""Coronation Street"", ""instance of"", ""television program""]]",1
Q1146242,"[[""Norbert Niemann"", ""instance of"", ""human""], [""Ingeborg Bachmann Prize"", ""instance of"", ""literary award""], [""Bavarian State Prize for Literature"", ""instance of"", ""literary award""], [""Clemens Brentano Prize of the City of Heidelberg"", ""instance of"", ""literary award""], [""Klagenfurt"", ""instance of"", ""geographic location""], [""Heidelberg"", ""instance of"", ""geographic location""], [""Norbert Niemann"", ""award received"", ""Ingeborg Bachmann Prize""], [""Norbert Niemann"", ""award received"", ""Bavarian State Prize for Literature""], [""Norbert Niemann"", ""award received"", ""Clemens Brentano Prize of the City of Heidelberg""]]",1
Q1147551,"[[""Troy Baker"", ""instance of"", ""human""], [""Pamela Walworth"", ""instance of"", ""human""], [""Troy Baker"", ""spouse"", ""Pamela Walworth""], [""Pamela Walworth"", ""spouse"", ""Troy Baker""]]",1
Q11477853,"[[""Kazuhisa Kawahara"", ""instance of"", ""human""], [""Kio Matsumoto"", ""instance of"", ""human""], [""Matsumoto K\u2248\u00e7shir\u2248\u00e7 IX"", ""instance of"", ""human""], [""Matsumoto K\u2248\u00e7shir\u2248\u00e7 IX"", ""occupation"", ""kabuki actor""], [""Kazuhisa Kawahara"", ""spouse"", ""Kio Matsumoto""]]",1
Q11478025,"[[""Hiroshi Kawaguchi"", ""instance of"", ""human""], [""Daiei"", ""instance of"", ""company""], [""Hitomi Nozoe"", ""instance of"", ""human""], [""Hiroshi Kawaguchi"", ""occupation"", ""Daiei""], [""Hiroshi Kawaguchi"", ""spouse"", ""Hitomi Nozoe""]]",1
Q11483,"[[""Anita Borg"", ""instance of"", ""human""], [""Digital Equipment Corporation"", ""instance of"", ""company""], [""Xerox PARC"", ""instance of"", ""company""], [""Office of the Chief Technology Officer"", ""instance of"", ""organization""], [""Robert Dewar"", ""instance of"", ""human""], [""Gerald Belpaire"", ""instance of"", ""human""], [""New York University"", ""instance of"", ""educational institution""], [""Computer Science"", ""instance of"", ""field of work""], [""PhD"", ""instance of"", ""award""], [""Anita Borg"", ""employer"", ""Digital Equipment Corporation""], [""Anita Borg"", ""employer"", ""Xerox PARC""], [""Anita Borg"", ""occupation"", ""researcher""], [""Anita Borg"", ""field of work"", ""Computer Science""], [""Anita Borg"", ""educated at"", ""New York University""], [""Anita Borg"", ""award received"", ""PhD""], [""PhD"", ""awarded by"", ""New York University""], [""New York University"", ""supervised by"", ""Robert Dewar""], [""New York University"", ""supervised by"", ""Gerald Belpaire""]]",1
Q1148472,"[[""Yashpal"", ""instance of"", ""human""], [""Meri Teri Uski Baat"", ""instance of"", ""novel""], [""Hindi-language Sahitya Akademi Award"", ""instance of"", ""literary award""], [""Padma Bhushan"", ""instance of"", ""award""], [""Yashpal"", ""award received"", ""Hindi-language Sahitya Akademi Award""], [""Yashpal"", ""award received"", ""Padma Bhushan""], [""Yashpal"", ""notable work"", ""Meri Teri Uski Baat""], [""Meri Teri Uski Baat"", ""writing language"", ""Hindi""]]",1
Q114859,"[[""Lo\u221a\u00d8c R\u221a\u00a9my"", ""instance of"", ""human""], [""Lille"", ""instance of"", ""sports team""], [""Getafe"", ""instance of"", ""sports team""], [""Queens Park Rangers"", ""instance of"", ""sports team""], [""RC Lens"", ""instance of"", ""sports team""], [""Nice"", ""instance of"", ""sports team""], [""Crystal Palace"", ""instance of"", ""sports team""], [""Chelsea"", ""instance of"", ""sports team""], [""Las Palmas"", ""instance of"", ""sports team""], [""Lo\u221a\u00d8c R\u221a\u00a9my"", ""member of sports team"", ""Lille""], [""Lo\u221a\u00d8c R\u221a\u00a9my"", ""participant in"", ""loan to Getafe""], [""Lo\u221a\u00d8c R\u221a\u00a9my"", ""member of sports team"", ""Queens Park Rangers""], [""Lo\u221a\u00d8c R\u221a\u00a9my"", ""member of sports team"", ""RC Lens""], [""Lo\u221a\u00d8c R\u221a\u00a9my"", ""member of sports team"", ""Nice""], [""Lo\u221a\u00d8c R\u221a\u00a9my"", ""member of sports team"", ""Crystal Palace""], [""Lo\u221a\u00d8c R\u221a\u00a9my"", ""member of sports team"", ""Chelsea""], [""Lo\u221a\u00d8c R\u221a\u00a9my"", ""member of sports team"", ""Las Palmas""]]",1
Q11487537,"[[""Katarzyna Telniczanka"", ""instance of"", ""human""], [""Andrzej Ko\u2248\u00f5cielecki"", ""instance of"", ""human""], [""Katarzyna Telniczanka"", ""spouse"", ""Andrzej Ko\u2248\u00f5cielecki""], [""Andrzej Ko\u2248\u00f5cielecki"", ""spouse"", ""Katarzyna Telniczanka""]]",1
Q1148805,"[[""Peter G\u00e4rdenfors"", ""instance of"", ""human""], [""Peter G\u00e4rdenfors"", ""educated at"", ""Lund University""], [""Peter G\u00e4rdenfors"", ""occupation"", ""doctorate""]]",1
Q1149,"[[""Indira Gandhi"", ""instance of"", ""human""], [""Feroze Gandhi"", ""instance of"", ""human""], [""Indira Gandhi"", ""spouse"", ""Feroze Gandhi""], [""Feroze Gandhi"", ""spouse"", ""Indira Gandhi""], [""Indira Gandhi"", ""date of birth"", ""1917""], [""Feroze Gandhi"", ""date of birth"", ""1912""], [""1942"", ""instance of"", ""year""]]",1
Q11490,"[[""Lynn Conway"", ""instance of"", ""human""], [""Lynn Conway"", ""educated at"", ""MIT""], [""MIT"", ""instance of"", ""educational institution""], [""Lynn Conway"", ""occupation"", ""student""], [""1955"", ""instance of"", ""year""], [""1957\u201a\u00c4\u00ec58"", ""instance of"", ""time period""], [""gender transition"", ""instance of"", ""medical procedure""], [""medical climate at the time"", ""instance of"", ""societal condition""]]",1
Q11490994,"[[""Fukumi Shimura"", ""instance of"", ""human""], [""Living National Treasure"", ""instance of"", ""award""], [""2014 Kyoto Prize in Arts and Philosophy"", ""instance of"", ""award""], [""Fukumi Shimura"", ""award received"", ""Living National Treasure""], [""Fukumi Shimura"", ""award received"", ""2014 Kyoto Prize in Arts and Philosophy""]]",1
Q1149201,"[[""George Beseb'ely"", ""instance of"", ""human""], [""George Beseb'ely"", ""occupation"", ""auxiliary bishop""], [""John Bawab Safrawy"", ""instance of"", ""human""], [""John Bawab Safrawy"", ""occupation"", ""Patriarch""], [""George Beseb'ely"", ""consecrator"", ""John Bawab Safrawy""], [""George Beseb'ely"", ""position held"", ""auxiliary bishop""], [""John Bawab Safrawy"", ""position held"", ""Patriarch""]]",1
Q115029,"[[""Kai A. Konrad"", ""instance of"", ""human""], [""Kai A. Konrad"", ""member of"", ""Academy of Sciences Leopoldina""], [""Kai A. Konrad"", ""member of"", ""Deutsche Akademie der Naturforscher Leopoldina""], [""Kai A. Konrad"", ""member of"", ""Academia Europaea""], [""Kai A. Konrad"", ""member of"", ""Berlin-Brandenburg Academy of Sciences and Humanities""], [""Kai A. Konrad"", ""member of"", ""Berlin-Brandenburgische Akademie der Wissenschaften""], [""Kai A. Konrad"", ""member of"", ""European Academy of Sciences and Arts""], [""Kai A. Konrad"", ""member of"", ""Europ\u221a\u00a7ische Akademie der Wissenschaften und K\u221a\u00banste""]]",1
Q1150316,"[[""Anna Camp"", ""instance of"", ""human""], [""Michael Mosley"", ""instance of"", ""human""], [""Anna Camp"", ""occupation"", ""actor""], [""Michael Mosley"", ""occupation"", ""actor""], [""Anna Camp"", ""spouse"", ""Michael Mosley""]]",1
Q1150479,"[[""Driss Benhima"", ""instance of"", ""human""], [""Lyc\u00e9e Descartes"", ""instance of"", ""educational institution""], [""Secondary studies"", ""instance of"", ""education program""], [""Scientific baccalaureat"", ""instance of"", ""education program""], [""Rabat"", ""instance of"", ""geographic location""], [""Driss Benhima"", ""educated at"", ""Lyc\u00e9e Descartes""], [""Driss Benhima"", ""educated at"", ""Secondary studies""], [""Driss Benhima"", ""educated at"", ""Scientific baccalaureat""], [""Lyc\u00e9e Descartes"", ""located in"", ""Rabat""]]",1
Q1151341,"[[""Vilhelm Dybwad"", ""instance of"", ""human""], [""Vilhelm Dybwad"", ""occupation"", ""writing revue and cabarets""], [""Bokken Lasson"", ""instance of"", ""human""], [""Chat Noir"", ""instance of"", ""group of humans""], [""67 Viser fra det gamle Chat Noir"", ""instance of"", ""book""], [""Vilhelm Dybwad"", ""spouse"", ""Bokken Lasson""], [""Vilhelm Dybwad"", ""country of citizenship"", ""unknown""], [""Vilhelm Dybwad"", ""date of birth"", ""unknown""], [""Vilhelm Dybwad"", ""place of birth"", ""unknown""], [""Vilhelm Dybwad"", ""date of death"", ""unknown""], [""Vilhelm Dybwad"", ""place of death"", ""unknown""], [""Vilhelm Dybwad"", ""sex or gender"", ""unknown""], [""Vilhelm Dybwad"", ""father"", ""unknown""], [""Vilhelm Dybwad"", ""child"", ""unknown""], [""Vilhelm Dybwad"", ""educated at"", ""unknown""], [""Vilhelm Dybwad"", ""sibling"", ""unknown""], [""Vilhelm Dybwad"", ""given name"", ""Vilhelm""], [""Vilhelm Dybwad"", ""family name"", ""Dybwad""]]",1
Q11513913,"[[""Haruka"", ""instance of"", ""human""], [""Keiichiro Hirano"", ""instance of"", ""human""], [""Haruka"", ""spouse"", ""Keiichiro Hirano""], [""Keiichiro Hirano"", ""occupation"", ""writer""]]",1
Q1151872,"[[""Adri\u00e1n Gonz\u00e1lez"", ""instance of"", ""human""], [""Adri\u00e1n Gonz\u00e1lez"", ""occupation"", ""baseball player""], [""Adri\u00e1n Gonz\u00e1lez"", ""member of sports team"", ""Red Sox""], [""Adri\u00e1n Gonz\u00e1lez"", ""member of sports team"", ""Dodgers""], [""Adri\u00e1n Gonz\u00e1lez"", ""member of sports team"", ""Atlanta Braves""], [""Adri\u00e1n Gonz\u00e1lez"", ""drafted by"", ""Florida Marlins""], [""Adri\u00e1n Gonz\u00e1lez"", ""traded to"", ""Red Sox""], [""Adri\u00e1n Gonz\u00e1lez"", ""traded to"", ""Dodgers""], [""Adri\u00e1n Gonz\u00e1lez"", ""traded to"", ""Atlanta Braves""], [""Adri\u00e1n Gonz\u00e1lez"", ""released by"", ""Atlanta Braves""], [""Edgar Gonzalez"", ""instance of"", ""human""], [""Edgar Gonzalez"", ""occupation"", ""baseball player""], [""Edgar Gonzalez"", ""educated at"", ""San Diego State University""], [""Edgar Gonzalez"", ""drafted by"", ""Tampa Bay Rays""], [""Edgar Gonzalez"", ""member of sports team"", ""Padres""], [""Edgar Gonzalez"", ""award received"", ""Padres' MVP""], [""Edgar Gonzalez"", ""position played on team / speciality"", ""30th round of the 2000 draft""]]",1
Q11522129,"[[""Yoshio Sugimoto"", ""instance of"", ""person""], [""Kyoto University"", ""instance of"", ""educational institution""], [""Yoshio Sugimoto"", ""place of birth"", ""Kyoto""], [""Yoshio Sugimoto"", ""educated at"", ""Kyoto University""], [""Yoshio Sugimoto"", ""field of work"", ""law""], [""Yoshio Sugimoto"", ""field of work"", ""politics""]]",1
Q11522313,"[[""Mio Sugita"", ""instance of"", ""human""], [""Faculty of Agriculture, Tottori University"", ""instance of"", ""educational institution""], [""Mio Sugita"", ""educated at"", ""Faculty of Agriculture, Tottori University""]]",1
Q115228,"[[""Dietlinde Turban"", ""instance of"", ""human""], [""Lorin Maazel"", ""instance of"", ""human""], [""Dietlinde Turban"", ""spouse"", ""Lorin Maazel""], [""Lorin Maazel"", ""spouse"", ""Dietlinde Turban""], [""Lorin Maazel"", ""occupation"", ""conductor""]]",1
Q11529721,"[[""Kazuyo Matsui"", ""instance of"", ""human""], [""Eiichiro Funakoshi"", ""instance of"", ""human""], [""Kazuyo Matsui"", ""spouse"", ""Eiichiro Funakoshi""], [""Eiichiro Funakoshi"", ""spouse"", ""Kazuyo Matsui""], [""Kazuyo Matsui"", ""divorced"", ""December, 2017""], [""Eiichiro Funakoshi"", ""divorced"", ""December, 2017""]]",1
Q11529785,"[[""Zenzo Matsuyama"", ""instance of"", ""human""], [""Hideko Takamine"", ""instance of"", ""human""], [""Zenzo Matsuyama"", ""occupation"", ""actor""], [""Hideko Takamine"", ""occupation"", ""actress""], [""Zenzo Matsuyama"", ""spouse"", ""Hideko Takamine""]]",1
Q1153192,"[[""J\u221a\u220frgen Leschly S\u221a\u220frensen"", ""instance of"", ""human""], [""Atalanta"", ""instance of"", ""sports team""], [""Svend J\u221a\u220frgen Hansen"", ""instance of"", ""human""], [""Poul Rasmussen"", ""instance of"", ""human""], [""J\u221a\u220frgen Leschly S\u221a\u220frensen"", ""member of sports team"", ""Atalanta""], [""J\u221a\u220frgen Leschly S\u221a\u220frensen"", ""occupation"", ""football player""], [""J\u221a\u220frgen Leschly S\u221a\u220frensen"", ""participant in"", ""football game""], [""J\u221a\u220frgen Leschly S\u221a\u220frensen"", ""country for sport"", ""Denmark""], [""Svend J\u221a\u220frgen Hansen"", ""member of sports team"", ""Atalanta""], [""Svend J\u221a\u220frgen Hansen"", ""occupation"", ""football player""], [""Svend J\u221a\u220frgen Hansen"", ""participant in"", ""football game""], [""Svend J\u221a\u220frgen Hansen"", ""country for sport"", ""Denmark""], [""Poul Rasmussen"", ""member of sports team"", ""Atalanta""], [""Poul Rasmussen"", ""occupation"", ""football player""], [""Poul Rasmussen"", ""participant in"", ""football game""], [""Poul Rasmussen"", ""country for sport"", ""Denmark""]]",1
Q1153447,"[[""Dave Hockaday"", ""instance of"", ""human""], [""Dave Hockaday"", ""occupation"", ""manager""], [""Dave Hockaday"", ""member of sports team"", ""Forest Green Rovers""], [""Dave Hockaday"", ""participant in"", ""appointment""], [""Coventry City"", ""instance of"", ""sports team""], [""Al Bangura"", ""instance of"", ""human""], [""Al Bangura"", ""member of sports team"", ""Coventry City""], [""Al Bangura"", ""member of sports team"", ""Watford""], [""Watford"", ""instance of"", ""sports team""], [""Fylde Coast"", ""instance of"", ""geographic location""]]",1
Q1153459,"[[""Amy Finkelstein"", ""instance of"", ""human""], [""John Bates Clark Medal"", ""instance of"", ""award""], [""Amy Finkelstein"", ""award received"", ""John Bates Clark Medal""], [""Amy Finkelstein"", ""occupation"", ""economics""]]",1
Q1153513,"[[""David Walton"", ""instance of"", ""human""], [""Majandra Delfino"", ""instance of"", ""human""], [""Miami, Florida"", ""instance of"", ""location""], [""David Walton"", ""spouse"", ""Majandra Delfino""], [""David Walton"", ""country of citizenship"", ""United States""], [""Majandra Delfino"", ""country of citizenship"", ""United States""], [""Miami, Florida"", ""country"", ""United States""]]",1
Q11539195,"[[""Aiko Morishita"", ""instance of"", ""human""], [""Takuro Yoshida"", ""instance of"", ""human""], [""December 1986"", ""instance of"", ""date""], [""Aiko Morishita"", ""spouse"", ""Takuro Yoshida""]]",1
Q1154008,"[[""Giovanni Marchese"", ""instance of"", ""human""], [""Giovanni Marchese"", ""country of citizenship"", ""Italy""], [""Giovanni Marchese"", ""given name"", ""Giovanni""], [""Giovanni Marchese"", ""family name"", ""Marchese""], [""Genoa"", ""instance of"", ""location""], [""Catania"", ""instance of"", ""location""], [""Giovanni Marchese"", ""member of sports team"", ""Genoa""], [""Giovanni Marchese"", ""member of sports team"", ""Catania""], [""Giovanni Marchese"", ""work period (start)"", ""2013""], [""Giovanni Marchese"", ""work period (start)"", ""2017""]]",1
Q1154232,"[[""Atsuko Maeda"", ""instance of"", ""human""], [""Atsuko Maeda"", ""date of birth"", ""December 8, 2005""], [""Team A"", ""instance of"", ""group of humans""], [""Team A"", ""member of"", ""AKB48""], [""Team A"", ""work period (start)"", ""December 8, 2005""]]",1
Q115462,"[[""Fritz Zwicky"", ""instance of"", ""human""], [""Gold Medal of the Royal Astronomical Society"", ""instance of"", ""award""], [""Fritz Zwicky"", ""award received"", ""Gold Medal of the Royal Astronomical Society""], [""Fritz Zwicky"", ""field of work"", ""astronomy""], [""Fritz Zwicky"", ""field of work"", ""cosmology""]]",1
Q115475,"[[""Paul Hermann M\u00fcller"", ""instance of"", ""human""], [""1918"", ""instance of"", ""year""], [""1919"", ""instance of"", ""year""], [""Basel University"", ""instance of"", ""academic institution""], [""Paul Hermann M\u00fcller"", ""educated at"", ""Basel University""], [""Paul Hermann M\u00fcller"", ""date of birth"", ""1918""], [""Paul Hermann M\u00fcller"", ""date of death"", ""1919""], [""Paul Hermann M\u00fcller"", ""occupation"", ""student""]]",1
Q115483,"[[""Max Frisch"", ""instance of"", ""human""], [""Ingeborg Bachmann"", ""instance of"", ""human""], [""Max Frisch"", ""occupation"", ""writer""], [""Ingeborg Bachmann"", ""occupation"", ""writer""], [""Max Frisch"", ""country of citizenship"", ""Switzerland""], [""Ingeborg Bachmann"", ""country of citizenship"", ""Austria""], [""Max Frisch"", ""unmarried partner"", ""Ingeborg Bachmann""], [""Ingeborg Bachmann"", ""unmarried partner"", ""Max Frisch""]]",1
Q115495,"[[""Hamilton Smith"", ""instance of"", ""human""], [""Daniel Nathans"", ""instance of"", ""human""], [""Werner Arber"", ""instance of"", ""human""], [""1978 Nobel Prize in Physiology or Medicine"", ""instance of"", ""award""], [""restriction endonucleases"", ""instance of"", ""research""], [""Hamilton Smith"", ""award received"", ""1978 Nobel Prize in Physiology or Medicine""], [""Daniel Nathans"", ""award received"", ""1978 Nobel Prize in Physiology or Medicine""], [""Werner Arber"", ""award received"", ""1978 Nobel Prize in Physiology or Medicine""], [""Hamilton Smith"", ""field of work"", ""restriction endonucleases""], [""Daniel Nathans"", ""field of work"", ""restriction endonucleases""], [""Werner Arber"", ""field of work"", ""restriction endonucleases""]]",1
Q1155636,"[[""In 1997"", ""instance of"", ""year""], [""Thief"", ""instance of"", ""work""], [""Ken Levine"", ""instance of"", ""human""], [""Looking Glass"", ""instance of"", ""company""], [""Jonathan Chey"", ""instance of"", ""human""], [""Robert Fermier"", ""instance of"", ""human""], [""Irrational Games"", ""instance of"", ""company""], [""In 1995"", ""instance of"", ""year""], [""game designer"", ""instance of"", ""occupation""], [""Cambridge, Massachusetts-based Looking Glass Studios"", ""instance of"", ""company""], [""Next Generation magazine"", ""instance of"", ""periodical""], [""Ken Levine"", ""occupation"", ""game designer""], [""Ken Levine"", ""employer"", ""Looking Glass""], [""Ken Levine"", ""employer"", ""Cambridge, Massachusetts-based Looking Glass Studios""], [""Ken Levine"", ""employer"", ""Irrational Games""], [""Jonathan Chey"", ""employer"", ""Looking Glass""], [""Jonathan Chey"", ""employer"", ""Irrational Games""], [""Robert Fermier"", ""employer"", ""Looking Glass""], [""Robert Fermier"", ""employer"", ""Irrational Games""]]",1
Q1155778,"[[""Kenji Nojima"", ""instance of"", ""human""], [""Chie Sawaguchi"", ""instance of"", ""human""], [""Kenji Nojima"", ""spouse"", ""Chie Sawaguchi""], [""Kenji Nojima"", ""child"", ""two children""]]",1
Q1156878,"[[""Joseph Polchinski"", ""instance of"", ""human""], [""2017 Fundamental Physics Prize"", ""instance of"", ""award""], [""Theoretical physics"", ""instance of"", ""field of work""], [""Joseph Polchinski"", ""award received"", ""2017 Fundamental Physics Prize""], [""Joseph Polchinski"", ""field of work"", ""Theoretical physics""]]",1
Q115700,"[[""Thomas Hirschhorn"", ""instance of"", ""human""], [""Preis f\u221a\u00bar Junge Schweizer Kunst"", ""instance of"", ""award""], [""Marcel Duchamp Prize"", ""instance of"", ""award""], [""Rolandpreis f\u221a\u00bar Kunst im \u221a\u2202ffentlichen Raum"", ""instance of"", ""award""], [""Joseph Beuys Prize"", ""instance of"", ""award""], [""Kurt Schwitters Prize"", ""instance of"", ""award""], [""Meret Oppenheim Prize"", ""instance of"", ""award""], [""Thomas Hirschhorn"", ""award received"", ""Preis f\u221a\u00bar Junge Schweizer Kunst""], [""Thomas Hirschhorn"", ""award received"", ""Marcel Duchamp Prize""], [""Thomas Hirschhorn"", ""award received"", ""Rolandpreis f\u221a\u00bar Kunst im \u221a\u2202ffentlichen Raum""], [""Thomas Hirschhorn"", ""award received"", ""Joseph Beuys Prize""], [""Thomas Hirschhorn"", ""award received"", ""Kurt Schwitters Prize""], [""Thomas Hirschhorn"", ""award received"", ""Meret Oppenheim Prize""]]",1
Q1157089,"[[""Gianluca Festa"", ""instance of"", ""human""], [""Cagliari"", ""instance of"", ""sports team""], [""Sardinia"", ""instance of"", ""geographic location""], [""Middlesbrough"", ""instance of"", ""sports team""], [""Nuorese"", ""instance of"", ""sports team""], [""Premier League"", ""instance of"", ""sports team""], [""Serie A"", ""instance of"", ""sports team""], [""Gianluca Festa"", ""member of sports team"", ""Cagliari""], [""Gianluca Festa"", ""member of sports team"", ""Middlesbrough""], [""Gianluca Festa"", ""member of sports team"", ""Nuorese""], [""Cagliari"", ""sport"", ""football""], [""Middlesbrough"", ""sport"", ""football""], [""Nuorese"", ""sport"", ""football""], [""Premier League"", ""sport"", ""football""], [""Serie A"", ""sport"", ""football""], [""Gianluca Festa"", ""given name"", ""Gianluca""], [""Gianluca Festa"", ""family name"", ""Festa""]]",1
Q11571,"[[""Cristiano Ronaldo"", ""instance of"", ""human""], [""Irina Shayk"", ""instance of"", ""human""], [""Juventus"", ""instance of"", ""sports organization""], [""Cristiano Ronaldo"", ""member of sports team"", ""Juventus""], [""Cristiano Ronaldo"", ""country of citizenship"", ""Portugal""], [""Cristiano Ronaldo"", ""sex or gender"", ""male""], [""Irina Shayk"", ""sex or gender"", ""female""], [""Cristiano Ronaldo"", ""occupation"", ""professional footballer""], [""Irina Shayk"", ""occupation"", ""model""], [""Juventus"", ""league"", ""Serie A""], [""Juventus"", ""country for sport"", ""Italy""]]",1
Q115748,"[[""Davide Chiumiento"", ""instance of"", ""human""], [""BSC Young Boys"", ""instance of"", ""sports team""], [""Davide Chiumiento"", ""member of sports team"", ""BSC Young Boys""]]",1
Q1157512,"[[""Dai Ailian"", ""instance of"", ""human""], [""Ye Qianyu"", ""instance of"", ""human""], [""Dai Ailian"", ""spouse"", ""Ye Qianyu""], [""Ye Qianyu"", ""occupation"", ""painter""], [""Hong Kong"", ""instance of"", ""geographic entity""], [""Dai Ailian"", ""arrival location"", ""Hong Kong""], [""1940"", ""instance of"", ""year""], [""Dai Ailian"", ""arrival date"", ""1940""]]",1
Q11576,"[[""Ra\u221a\u222bl Gonz\u221a\u00b0lez"", ""instance of"", ""human""], [""2001 Ballon d'Or"", ""instance of"", ""award""], [""2001 FIFA World Player of the Year"", ""instance of"", ""award""], [""Real Madrid C"", ""instance of"", ""sports team""], [""Schalke 04"", ""instance of"", ""sports team""], [""Spain"", ""instance of"", ""country""], [""Belgium"", ""instance of"", ""country""], [""Iceland"", ""instance of"", ""country""], [""Hierro"", ""instance of"", ""human""], [""Ra\u221a\u222bl Gonz\u221a\u00b0lez"", ""award received"", ""2001 Ballon d'Or""], [""Ra\u221a\u222bl Gonz\u221a\u00b0lez"", ""award received"", ""2001 FIFA World Player of the Year""], [""Ra\u221a\u222bl Gonz\u221a\u00b0lez"", ""member of sports team"", ""Real Madrid C""], [""Ra\u221a\u222bl Gonz\u221a\u00b0lez"", ""member of sports team"", ""Schalke 04""], [""Ra\u221a\u222bl Gonz\u221a\u00b0lez"", ""country of citizenship"", ""Spain""], [""Ra\u221a\u222bl Gonz\u221a\u00b0lez"", ""participant in"", ""2006 World Cup qualifying""], [""Ra\u221a\u222bl Gonz\u221a\u00b0lez"", ""total goals in career"", ""400""], [""Ra\u221a\u222bl Gonz\u221a\u00b0lez"", ""country for sport"", ""Belgium""], [""Ra\u221a\u222bl Gonz\u221a\u00b0lez"", ""country for sport"", ""Iceland""], [""Hierro"", ""country of citizenship"", ""Spain""]]",1
Q1157843,"[[""Dale Hawerchuk"", ""instance of"", ""human""], [""Dale Hawerchuk"", ""award received"", ""Calder Memorial Trophy""], [""Dale Hawerchuk"", ""award received"", ""Hockey Hall of Fame""], [""1982"", ""instance of"", ""year""], [""2001"", ""instance of"", ""year""], [""Dale Hawerchuk"", ""occupation"", ""Rookie of the Year""], [""Calder Memorial Trophy"", ""instance of"", ""award""], [""Hockey Hall of Fame"", ""instance of"", ""hall of fame""], [""Dale Hawerchuk"", ""league"", ""NHL""]]",1
Q11580,"[[""Cynthia Dwork"", ""instance of"", ""human""], [""Dijkstra Prize"", ""instance of"", ""award""], [""Nancy Lynch"", ""instance of"", ""human""], [""Larry Stockmeyer"", ""instance of"", ""human""], [""consensus problems"", ""instance of"", ""job activity""], [""Cynthia Dwork"", ""award received"", ""Dijkstra Prize""], [""Nancy Lynch"", ""award received"", ""Dijkstra Prize""], [""Larry Stockmeyer"", ""award received"", ""Dijkstra Prize""], [""Cynthia Dwork"", ""occupation"", ""consensus problems""], [""Nancy Lynch"", ""occupation"", ""consensus problems""], [""Larry Stockmeyer"", ""occupation"", ""consensus problems""]]",1
Q1158442,"[[""Damian Harris"", ""instance of"", ""human""], [""Annabel Brooks"", ""instance of"", ""human""], [""1981"", ""instance of"", ""year""], [""Damian Harris"", ""spouse"", ""Annabel Brooks""], [""Annabel Brooks"", ""spouse"", ""Damian Harris""]]",1
Q11584994,"[[""Momoko Ishii"", ""instance of"", ""human""], [""Minister of Education Award for Promotion of Art"", ""instance of"", ""award""], [""Non-chan kumo ni noru"", ""instance of"", ""book""], [""Kikuchi Kan Award"", ""instance of"", ""award""], [""Itochu Memorial Foundation Award for Distinguished Service to Children's Bunko"", ""instance of"", ""award""], [""Japanese Art Academy Award"", ""instance of"", ""award""], [""1994 Yomiuri Prize"", ""instance of"", ""award""], [""Maboroshi No Akai Mi (Memoirs of a childhood)"", ""instance of"", ""book""], [""Momoko Ishii"", ""award received"", ""Minister of Education Award for Promotion of Art""], [""Momoko Ishii"", ""field of work"", ""Non-chan kumo ni noru""], [""Momoko Ishii"", ""award received"", ""Kikuchi Kan Award""], [""Momoko Ishii"", ""award received"", ""Itochu Memorial Foundation Award for Distinguished Service to Children's Bunko""], [""Momoko Ishii"", ""award received"", ""Japanese Art Academy Award""], [""Momoko Ishii"", ""award received"", ""1994 Yomiuri Prize""], [""Momoko Ishii"", ""field of work"", ""Maboroshi No Akai Mi (Memoirs of a childhood)""]]",1
Q1158571,"[[""Dami\u00e1n Lanza"", ""instance of"", ""human""], [""Dami\u00e1n Lanza"", ""occupation"", ""goalkeeper""], [""Dami\u00e1n Lanza"", ""member of sports team"", ""Emelec""], [""Emelec"", ""instance of"", ""sports team""], [""third choice goalkeeper"", ""instance of"", ""position""], [""Dami\u00e1n Lanza"", ""position played on team / speciality"", ""third choice goalkeeper""]]",1
Q1158573,"[[""Dami\u00e1n Macaluso"", ""instance of"", ""human""], [""Pe\u00f1arol"", ""instance of"", ""sports team""], [""June 2012"", ""instance of"", ""date""], [""Dami\u00e1n Macaluso"", ""member of sports team"", ""Pe\u00f1arol""], [""Dami\u00e1n Macaluso"", ""work period (start)"", ""June 2012""]]",1
Q11587414,"[[""Keisuke Sagawa"", ""instance of"", ""human""], [""Nobuyo \u2248\u00e5yama"", ""instance of"", ""human""], [""Keisuke Sagawa"", ""spouse"", ""Nobuyo \u2248\u00e5yama""], [""Nobuyo \u2248\u00e5yama"", ""spouse"", ""Keisuke Sagawa""]]",1
Q1158826,"[[""Marco Osio"", ""instance of"", ""human""], [""Marco Osio"", ""given name"", ""Marco""], [""Marco Osio"", ""family name"", ""Osio""], [""Empoli"", ""instance of"", ""geographic location""], [""Parma"", ""instance of"", ""geographic location""], [""Marco Osio"", ""member of sports team"", ""Empoli""], [""Marco Osio"", ""member of sports team"", ""Parma""]]",1
Q11589,"[[""Jeanne Ferrante"", ""instance of"", ""human""], [""IBM T"", ""instance of"", ""company""], [""Jeanne Ferrante"", ""occupation"", ""research staff""], [""Jeanne Ferrante"", ""employer"", ""IBM T""]]",1
Q11590,"[[""Phyllis Fox"", ""instance of"", ""human""], [""Bell Labs"", ""instance of"", ""company""], [""General Electric"", ""instance of"", ""company""], [""differential analyser project"", ""instance of"", ""project""], [""Phyllis Fox"", ""occupation"", ""operator""], [""Phyllis Fox"", ""employer"", ""Bell Labs""], [""Phyllis Fox"", ""employer"", ""General Electric""], [""Phyllis Fox"", ""job activity"", ""differential analyser project""]]",1
Q1159005,"[[""31 July 2008"", ""instance of"", ""date""], [""Lilian Nalis"", ""instance of"", ""human""], [""Swindon"", ""instance of"", ""sports team""], [""Lilian Nalis"", ""member of sports team"", ""Swindon""], [""Lilian Nalis"", ""work period (start)"", ""31 July 2008""]]",1
Q1159065,"[[""Dan Fouts"", ""instance of"", ""human""], [""Dan Fouts"", ""occupation"", ""American football player""], [""1973 NFL Draft"", ""instance of"", ""sporting event""], [""Chargers"", ""instance of"", ""sports team""], [""Chargers"", ""member of sports team"", ""Dan Fouts""], [""1980 AFC title game"", ""instance of"", ""sporting event""], [""1981 AFC title game"", ""instance of"", ""sporting event""], [""AFC"", ""instance of"", ""sports league""], [""Chargers"", ""participant in"", ""1980 AFC title game""], [""Chargers"", ""participant in"", ""1981 AFC title game""], [""Dan Fouts"", ""work period (start)"", ""1973""], [""Dan Fouts"", ""work period (end)"", ""1987""], [""64th overall pick of the 1973 NFL Draft"", ""instance of"", ""sporting event result""]]",1
Q1159112,"[[""Dan Maffei"", ""instance of"", ""human""], [""Columbia"", ""instance of"", ""educational institution""], [""WSYR-TV"", ""instance of"", ""television channel""], [""WWNY-TV"", ""instance of"", ""television channel""], [""Dan Maffei"", ""educated at"", ""Columbia""], [""Dan Maffei"", ""occupation"", ""reporter""], [""Dan Maffei"", ""occupation"", ""producer""], [""Dan Maffei"", ""employer"", ""WSYR-TV""], [""Dan Maffei"", ""employer"", ""WWNY-TV""]]",1
Q1159125,"[[""Dan Miller"", ""instance of"", ""human""], [""Highland Park"", ""instance of"", ""geographic entity""], [""Michigan"", ""instance of"", ""sovereign state""], [""Florida"", ""instance of"", ""sovereign state""], [""Manatee High School"", ""instance of"", ""educational institution""], [""Bradenton"", ""instance of"", ""geographic entity""], [""Dan Miller"", ""place of birth"", ""Highland Park""], [""Highland Park"", ""located in the administrative territorial entity"", ""Michigan""], [""Dan Miller"", ""country of citizenship"", ""United States""], [""Dan Miller"", ""educated at"", ""Manatee High School""], [""Manatee High School"", ""located in the administrative territorial entity"", ""Bradenton""], [""Bradenton"", ""located in the administrative territorial entity"", ""Florida""]]",1
Q1159141,"[[""Dan Petrescu"", ""instance of"", ""human""], [""1993"", ""instance of"", ""year""], [""Genoa"", ""instance of"", ""geographic location""], [""Dan Petrescu"", ""participant in"", ""move to Genoa""], [""move to Genoa"", ""instance of"", ""event""], [""move to Genoa"", ""participant"", ""Dan Petrescu""], [""move to Genoa"", ""occurrence"", ""1993""], [""move to Genoa"", ""destination"", ""Genoa""]]",1
Q1159815,"[[""Tam\u00e1s Luk\u00e1cs"", ""instance of"", ""human""], [""E\u00f6tv\u00f6s Lor\u00e1nd University"", ""instance of"", ""educational institution""], [""Tam\u00e1s Luk\u00e1cs"", ""educated at"", ""E\u00f6tv\u00f6s Lor\u00e1nd University""], [""Tam\u00e1s Luk\u00e1cs"", ""occupation"", ""jurist""]]",1
