subject,triples
Q10738,"[[""Dwayne Johnson"", ""instance of"", ""human""], [""Dany Garcia"", ""instance of"", ""human""], [""May 3, 1997"", ""instance of"", ""time period""], [""Dwayne Johnson"", ""spouse"", ""Dany Garcia""], [""Dwayne Johnson"", ""date of birth"", ""May 3, 1997""], [""Dany Garcia"", ""spouse"", ""Dwayne Johnson""]]"
Q107407,"[[""Hugh David Politzer"", ""instance of"", ""human""], [""Bronx High School of Science"", ""instance of"", ""educational institution""], [""University of Michigan"", ""instance of"", ""educational institution""], [""Harvard University"", ""instance of"", ""educational institution""], [""Sidney Coleman"", ""instance of"", ""human""], [""Hugh David Politzer"", ""educated at"", ""Bronx High School of Science""], [""Hugh David Politzer"", ""educated at"", ""University of Michigan""], [""Hugh David Politzer"", ""educated at"", ""Harvard University""], [""Hugh David Politzer"", ""student of"", ""Sidney Coleman""]]"
Q10761,"[[""Connor Smith"", ""instance of"", ""human""], [""Gillingham"", ""instance of"", ""sports team""], [""Stevenage"", ""instance of"", ""sports team""], [""Plymouth"", ""instance of"", ""sports team""], [""AFC Wimbledon"", ""instance of"", ""sports team""], [""Wealdstone"", ""instance of"", ""sports team""], [""Britt Assombalonga"", ""instance of"", ""human""], [""Watford"", ""instance of"", ""sports team""], [""Connor Smith"", ""member of sports team"", ""Gillingham""], [""Connor Smith"", ""member of sports team"", ""Stevenage""], [""Connor Smith"", ""member of sports team"", ""Plymouth""], [""Connor Smith"", ""member of sports team"", ""AFC Wimbledon""], [""Connor Smith"", ""member of sports team"", ""Wealdstone""], [""Connor Smith"", ""member of sports team"", ""Watford""], [""Britt Assombalonga"", ""member of sports team"", ""Wealdstone""]]"
Q10767092,"[[""Masahiro Higashide"", ""instance of"", ""human""], [""Anne Watanabe"", ""instance of"", ""human""], [""Masahiro Higashide"", ""spouse"", ""Anne Watanabe""], [""Anne Watanabe"", ""spouse"", ""Masahiro Higashide""]]"
Q1078175,"[[""Junichi Okada"", ""instance of"", ""human""], [""Aoi Miyazaki"", ""instance of"", ""human""], [""Junichi Okada"", ""spouse"", ""Aoi Miyazaki""], [""Aoi Miyazaki"", ""spouse"", ""Junichi Okada""]]"
Q107829,"[[""Gerald Asamoah"", ""instance of"", ""human""], [""SpVgg Greuther F\u221a\u00barth"", ""instance of"", ""sports team""], [""Gerald Asamoah"", ""member of sports team"", ""SpVgg Greuther F\u221a\u00barth""], [""10 January 2012"", ""instance of"", ""date""], [""Gerald Asamoah"", ""work period (start)"", ""10 January 2012""]]"
Q1086680,"[[""Rosal\u00eda Mera"", ""instance of"", ""human""], [""Amancio Ortega Gaona"", ""instance of"", ""human""], [""Rosal\u00eda Mera"", ""spouse"", ""Amancio Ortega Gaona""], [""Amancio Ortega Gaona"", ""spouse"", ""Rosal\u00eda Mera""]]"
Q108880,"[[""Robert F. Furchgott"", ""instance of"", ""human""], [""Gairdner Foundation International Award"", ""instance of"", ""award""], [""Albert Lasker Award for Basic Medical Research"", ""instance of"", ""award""], [""Ferid Murad"", ""instance of"", ""human""], [""Robert F. Furchgott"", ""award received"", ""Gairdner Foundation International Award""], [""Robert F. Furchgott"", ""award received"", ""Albert Lasker Award for Basic Medical Research""], [""Ferid Murad"", ""award received"", ""Albert Lasker Award for Basic Medical Research""]]"
Q1090835,"[[""Jarl Kulle"", ""instance of"", ""human""], [""Anne Nord"", ""instance of"", ""human""], [""Jarl Kulle"", ""spouse"", ""Anne Nord""], [""Anne Nord"", ""spouse"", ""Jarl Kulle""]]"
Q1091400,"[[""Antimo Iunco"", ""instance of"", ""human""], [""Verona of Serie B"", ""instance of"", ""sports team""], [""co-ownership deal"", ""instance of"", ""occupation""], [""Antimo Iunco"", ""member of sports team"", ""Verona of Serie B""], [""Antimo Iunco"", ""occupation"", ""co-ownership deal""]]"
Q1093594,"[[""Gianluca Pegolo"", ""instance of"", ""human""], [""Genoa"", ""instance of"", ""sports team""], [""6 July 2007"", ""instance of"", ""date""], [""Gianluca Pegolo"", ""member of sports team"", ""Genoa""], [""Gianluca Pegolo"", ""work period (start)"", ""6 July 2007""]]"
Q1093797,"[[""E.G.D. Cohen"", ""instance of"", ""human""], [""Stanley"", ""instance of"", ""human""], [""2004 Boltzmann Medal"", ""instance of"", ""award""], [""E.G.D. Cohen"", ""award received"", ""2004 Boltzmann Medal""], [""Stanley"", ""award received"", ""2004 Boltzmann Medal""]]"
Q109521,"[[""Ingrid Arndt-Brauer"", ""instance of"", ""human""], [""University of Marburg"", ""instance of"", ""educational institution""], [""Business Administration"", ""instance of"", ""academic degree""], [""Sociology"", ""instance of"", ""academic degree""], [""Ingrid Arndt-Brauer"", ""educated at"", ""University of Marburg""], [""Ingrid Arndt-Brauer"", ""academic degree"", ""Business Administration""], [""Ingrid Arndt-Brauer"", ""academic degree"", ""Sociology""]]"
Q1106433,"[[""Willem Jacob Verdenius"", ""instance of"", ""human""], [""Professor of Greek language and literature"", ""instance of"", ""occupation""], [""Utrecht University"", ""instance of"", ""educational institution""], [""Willem Jacob Verdenius"", ""occupation"", ""Professor of Greek language and literature""], [""Willem Jacob Verdenius"", ""employer"", ""Utrecht University""]]"
Q110719,[]
Q1107675,"[[""Andr\u221a\u00b0s Kert\u221a\u00a9sz"", ""instance of"", ""human""], [""Andr\u221a\u00b0s Kert\u221a\u00a9sz"", ""member of"", ""Academy of Europe""], [""Academy of Europe"", ""instance of"", ""organization""]]"
Q1108379,"[[""Colin Camerer"", ""instance of"", ""human""], [""Kellogg"", ""instance of"", ""educational institution""], [""Wharton"", ""instance of"", ""educational institution""], [""University of Chicago Booth School of Business"", ""instance of"", ""educational institution""], [""Caltech"", ""instance of"", ""educational institution""], [""Colin Camerer"", ""employer"", ""Kellogg""], [""Colin Camerer"", ""employer"", ""Wharton""], [""Colin Camerer"", ""employer"", ""University of Chicago Booth School of Business""], [""Colin Camerer"", ""employer"", ""Caltech""]]"
Q110974,"[[""James Black"", ""instance of"", ""human""], [""Gertrude B."", ""instance of"", ""human""], [""1988 Nobel Prize in Medicine"", ""instance of"", ""award""], [""James Black"", ""award received"", ""1988 Nobel Prize in Medicine""], [""Gertrude B."", ""award received"", ""1988 Nobel Prize in Medicine""]]"
Q107365,"[[""Manuel Neuer"", ""instance of"", ""human""], [""Bayern Munich"", ""instance of"", ""sports team""], [""1 June 2011"", ""instance of"", ""date""], [""June 2016"", ""instance of"", ""date""], [""five-year contract"", ""instance of"", ""contract""], [""Manuel Neuer"", ""work period (start)"", ""1 June 2011""], [""Manuel Neuer"", ""member of sports team"", ""Bayern Munich""]]"
Q1073739,"[[""Susan Calvin"", ""instance of"", ""human""], [""Susan Calvin"", ""instance of"", ""person""], [""Columbia University"", ""instance of"", ""educational institution""], [""post-graduate work"", ""instance of"", ""occupation""], [""cybernetics"", ""instance of"", ""field of work""], [""Susan Calvin"", ""educated at"", ""Columbia University""], [""Susan Calvin"", ""field of work"", ""cybernetics""], [""Susan Calvin"", ""occupation"", ""post-graduate work""]]"
Q107405,"[[""Lars Onsager"", ""instance of"", ""human""], [""Yale"", ""instance of"", ""educational institution""], [""Hans Falkenhagen"", ""instance of"", ""human""], [""Lorentz Medal"", ""instance of"", ""award""], [""Willard Gibbs Award"", ""instance of"", ""award""], [""Nobel Prize in Chemistry"", ""instance of"", ""award""], [""Lars Onsager"", ""employer"", ""Yale""], [""Lars Onsager"", ""award received"", ""Lorentz Medal""], [""Lars Onsager"", ""award received"", ""Willard Gibbs Award""], [""Lars Onsager"", ""award received"", ""Nobel Prize in Chemistry""]]"
Q107450,"[[""Frank Wilczek"", ""instance of"", ""human""], [""1982"", ""instance of"", ""year""], [""MacArthur Fellowship"", ""instance of"", ""award""], [""Frank Wilczek"", ""award received"", ""MacArthur Fellowship""]]"
Q1074540,"[[""Filippo Savi"", ""instance of"", ""human""], [""Monza"", ""instance of"", ""city-state""], [""Lega Pro Prima Divisione"", ""instance of"", ""sports team""], [""SPAL"", ""instance of"", ""sports team""], [""Filippo Savi"", ""member of sports team"", ""Lega Pro Prima Divisione""], [""Filippo Savi"", ""member of sports team"", ""SPAL""]]"
Q1075016,"[[""Francesco Ruopolo"", ""instance of"", ""human""], [""Francesco Ruopolo"", ""member of sports team"", ""Parma""], [""Francesco Ruopolo"", ""member of sports team"", ""FC Lokomotiv Moscow""], [""1 July 2004"", ""instance of"", ""date""], [""2005 Russian season"", ""instance of"", ""time period""], [""Parma"", ""instance of"", ""sports team""], [""FC Lokomotiv Moscow"", ""instance of"", ""sports team""], [""UEFA Cup"", ""instance of"", ""sporting event""], [""Coppa Italia"", ""instance of"", ""sporting event""], [""relegation playoffs"", ""instance of"", ""sporting event""], [""Francesco Ruopolo"", ""occupation"", ""football player""], [""Francesco Ruopolo"", ""sport"", ""football""]]"
Q10754,"[[""Almen Abdi"", ""instance of"", ""human""], [""Watford"", ""instance of"", ""sports team""], [""Almen Abdi"", ""member of sports team"", ""Watford""]]"
Q10758,"[[""Marco Cassetti"", ""instance of"", ""human""], [""Watford"", ""instance of"", ""sports team""], [""Blackburn Rovers"", ""instance of"", ""sports team""], [""Marco Cassetti"", ""member of sports team"", ""Watford""], [""Watford"", ""country for sport"", ""United Kingdom""], [""Blackburn Rovers"", ""country for sport"", ""United Kingdom""], [""Marco Cassetti"", ""occupation"", ""association football player""], [""Marco Cassetti"", ""work period (start)"", ""2013-06-01T00:00:00Z""]]"
Q1076352,"[[""Manuel Coppola"", ""instance of"", ""human""], [""Serie A"", ""instance of"", ""sports team""], [""Siena"", ""instance of"", ""sports team""], [""Parma"", ""instance of"", ""sports team""], [""Calcio Catania"", ""instance of"", ""sports team""], [""Manuel Coppola"", ""member of sports team"", ""Serie A""], [""Manuel Coppola"", ""member of sports team"", ""Siena""], [""Manuel Coppola"", ""member of sports team"", ""Parma""], [""Manuel Coppola"", ""member of sports team"", ""Calcio Catania""]]"
Q10764,"[[""Jonathan Bond"", ""instance of"", ""human""], [""Watford"", ""instance of"", ""sports team""], [""Forest Green Rovers"", ""instance of"", ""sports team""], [""Dagenham & Redbridge"", ""instance of"", ""sports team""], [""Brackley Town"", ""instance of"", ""sports team""], [""Conference National"", ""instance of"", ""league""], [""League Two"", ""instance of"", ""league""], [""Jonathan Bond"", ""member of sports team"", ""Watford""], [""Jonathan Bond"", ""member of sports team"", ""Forest Green Rovers""], [""Jonathan Bond"", ""member of sports team"", ""Dagenham & Redbridge""], [""Jonathan Bond"", ""member of sports team"", ""Brackley Town""]]"
Q1076511,"[[""Amelia Opie"", ""instance of"", ""human""], [""John Opie"", ""instance of"", ""human""], [""John Opie"", ""occupation"", ""painter""], [""Amelia Opie"", ""spouse"", ""John Opie""], [""John Opie"", ""spouse"", ""Amelia Opie""]]"
Q107656,"[[""Jean Simmons"", ""instance of"", ""human""], [""Stewart Granger"", ""instance of"", ""human""], [""Richard Brooks"", ""instance of"", ""human""], [""Kate Brooks"", ""instance of"", ""human""], [""Jean Simmons"", ""spouse"", ""Stewart Granger""], [""Jean Simmons"", ""spouse"", ""Richard Brooks""], [""Richard Brooks"", ""child"", ""Kate Brooks""]]"
Q10767,"[[""Tommie Hoban"", ""instance of"", ""human""], [""Wealdstone"", ""instance of"", ""sports team""], [""Tommie Hoban"", ""member of sports team"", ""Wealdstone""], [""FA Trophy campaign"", ""instance of"", ""sport""], [""Tommie Hoban"", ""sport"", ""FA Trophy campaign""], [""Wealdstone"", ""sport"", ""FA Trophy campaign""]]"
Q107691,"[[""Csilla von Boeselager"", ""instance of"", ""human""], [""Vassar College, Poughkeepsie, New York, USA"", ""instance of"", ""educational institution""], [""chemistry"", ""instance of"", ""academic discipline""], [""Csilla von Boeselager"", ""educated at"", ""Vassar College, Poughkeepsie, New York, USA""], [""Csilla von Boeselager"", ""occupation"", ""chemist""]]"
Q1077361,"[[""Chris Innis"", ""instance of"", ""human""], [""Bob Murawski"", ""instance of"", ""human""], [""Chris Innis"", ""occupation"", ""film editor""], [""Bob Murawski"", ""occupation"", ""film editor""], [""Bob Murawski"", ""occupation"", ""film distributor""], [""Chris Innis"", ""spouse"", ""Bob Murawski""], [""Bob Murawski"", ""spouse"", ""Chris Innis""]]"
Q1077370,"[[""Jess Vanstrattan"", ""instance of"", ""human""], [""Juventus"", ""instance of"", ""sports team""], [""Verona"", ""instance of"", ""sports team""], [""Jess Vanstrattan"", ""member of sports team"", ""Juventus""], [""Jess Vanstrattan"", ""member of sports team"", ""Verona""], [""Jess Vanstrattan"", ""work period (start)"", ""2001""], [""Juventus"", ""instance of"", ""sports team""], [""Verona"", ""instance of"", ""sports team""], [""500 million lire"", ""instance of"", ""currency""]]"
Q1077596,"[[""Lake Malawi National Park"", ""instance of"", ""UNESCO World Heritage Site""], [""Lake Malawi National Park"", ""heritage designation"", ""UNESCO World Heritage Site""], [""Lake Malawi National Park"", ""significant place"", ""biodiversity conservation""], [""Lake Malawi National Park"", ""World Heritage criteria"", ""fish diversity""]]"
Q1077723,"[[""Chris Robinson"", ""instance of"", ""human""], [""Lala Sloatman"", ""instance of"", ""human""], [""Frank Zappa"", ""instance of"", ""human""], [""Chris Robinson"", ""spouse"", ""Lala Sloatman""], [""The Kids in the Hall"", ""instance of"", ""musical group""], [""Chris Robinson"", ""member of"", ""The Kids in the Hall""]]"
Q1077819,"[[""Chris Van Hollen"", ""instance of"", ""human""], [""Swarthmore College"", ""instance of"", ""educational institution""], [""Bachelor of Arts"", ""instance of"", ""degree""], [""Philosophy"", ""instance of"", ""discipline""], [""Chris Van Hollen"", ""educated at"", ""Swarthmore College""], [""Chris Van Hollen"", ""field of work"", ""Philosophy""]]"
Q1077821,"[[""Raquel del Rosario"", ""instance of"", ""human""], [""Fernando Alonso"", ""instance of"", ""human""], [""Fernando Alonso"", ""occupation"", ""Formula One racing driver""], [""Raquel del Rosario"", ""spouse"", ""Fernando Alonso""], [""Fernando Alonso"", ""spouse"", ""Raquel del Rosario""]]"
Q1078039,"[[""John Tait Robertson"", ""instance of"", ""human""], [""Morton"", ""instance of"", ""sports team""], [""Everton"", ""instance of"", ""sports team""], [""Scotland"", ""instance of"", ""sports team""], [""John Tait Robertson"", ""member of sports team"", ""Morton""], [""John Tait Robertson"", ""member of sports team"", ""Everton""], [""John Tait Robertson"", ""member of sports team"", ""Scotland""]]"
Q10781,"[[""Geoffrey Mujangi Bia"", ""instance of"", ""human""], [""Standard Li\u00e8ge"", ""instance of"", ""sports team""], [""Watford"", ""instance of"", ""sports team""], [""League Cup"", ""instance of"", ""sporting event""], [""Belgium"", ""instance of"", ""country""], [""Geoffrey Mujangi Bia"", ""country of citizenship"", ""Belgium""], [""Geoffrey Mujangi Bia"", ""member of sports team"", ""Standard Li\u00e8ge""], [""Geoffrey Mujangi Bia"", ""member of sports team"", ""Watford""], [""Watford"", ""league"", ""League Cup""]]"
Q1078285,"[[""Nicolaas Govert de Bruijn"", ""instance of"", ""human""], [""Jurjen Ferdinand Koksma"", ""instance of"", ""human""], [""Vrije Universiteit Amsterdam"", ""instance of"", ""educational institution""], [""Over modulaire vormen van meer veranderlijken"", ""instance of"", ""doctoral thesis""], [""Nicolaas Govert de Bruijn"", ""doctoral advisor"", ""Jurjen Ferdinand Koksma""], [""Nicolaas Govert de Bruijn"", ""educated at"", ""Vrije Universiteit Amsterdam""], [""Nicolaas Govert de Bruijn"", ""academic thesis"", ""Over modulaire vormen van meer veranderlijken""]]"
Q1078523,"[[""Toshiaki Karasawa"", ""instance of"", ""human""], [""Tomoko Yamaguchi"", ""instance of"", ""human""], [""actor"", ""instance of"", ""occupation""], [""actress"", ""instance of"", ""occupation""], [""Toshiaki Karasawa"", ""spouse"", ""Tomoko Yamaguchi""], [""Tomoko Yamaguchi"", ""spouse"", ""Toshiaki Karasawa""], [""Toshiaki Karasawa"", ""occupation"", ""actor""], [""Tomoko Yamaguchi"", ""occupation"", ""actress""]]"
Q10787599,"[[""Le Cong Dinh"", ""instance of"", ""human""], [""United States"", ""instance of"", ""sovereign state""], [""Tulane University"", ""instance of"", ""educational institution""], [""Fulbright scholar"", ""instance of"", ""occupation""], [""Master of Law"", ""instance of"", ""education program""], [""2000"", ""instance of"", ""year""], [""Le Cong Dinh"", ""educated at"", ""Tulane University""], [""Le Cong Dinh"", ""occupation"", ""Fulbright scholar""], [""Le Cong Dinh"", ""educated at"", ""Master of Law""]]"
Q10788,"[[""Nathaniel Chalobah"", ""instance of"", ""human""], [""Burnley"", ""instance of"", ""sports team""], [""Chelsea"", ""instance of"", ""sports team""], [""Arsenal"", ""instance of"", ""sports team""], [""Napoli"", ""instance of"", ""sports team""], [""Middlesbrough"", ""instance of"", ""sports team""], [""Forest"", ""instance of"", ""sports team""], [""Doncaster Rovers"", ""instance of"", ""sports team""], [""Watford"", ""instance of"", ""sports team""], [""Nathaniel Chalobah"", ""member of sports team"", ""Burnley""], [""Nathaniel Chalobah"", ""member of sports team"", ""Chelsea""], [""Nathaniel Chalobah"", ""member of sports team"", ""Napoli""], [""Nathaniel Chalobah"", ""member of sports team"", ""Middlesbrough""], [""Nathaniel Chalobah"", ""member of sports team"", ""Forest""], [""Nathaniel Chalobah"", ""member of sports team"", ""Watford""]]"
Q10789884,"[[""Mahesh Chandra Mehta"", ""instance of"", ""human""], [""Goldman Environmental Prize"", ""instance of"", ""award""], [""India"", ""instance of"", ""sovereign state""], [""Mahesh Chandra Mehta"", ""award received"", ""Goldman Environmental Prize""], [""Mahesh Chandra Mehta"", ""country of citizenship"", ""India""]]"
Q10792,"[[""18 January 2011"", ""instance of"", ""date""], [""2015"", ""instance of"", ""date""], [""23 February 2013"", ""instance of"", ""date""], [""Joel Ekstrand"", ""instance of"", ""human""], [""Watford"", ""instance of"", ""sports team""], [""Derby County"", ""instance of"", ""sports team""], [""Udinese"", ""instance of"", ""sports team""], [""Joel Ekstrand"", ""occupation"", ""football player""], [""Joel Ekstrand"", ""family name"", ""Ekstrand""], [""Joel"", ""instance of"", ""given name""], [""Joel Ekstrand"", ""given name"", ""Joel""], [""Joel Ekstrand"", ""member of sports team"", ""Udinese""], [""Joel Ekstrand"", ""member of sports team"", ""Watford""], [""Joel Ekstrand"", ""work period (start)"", ""18 January 2011""], [""Joel Ekstrand"", ""instance of"", ""human""], [""injury"", ""instance of"", ""health problem""], [""goal"", ""instance of"", ""achievement""], [""win"", ""instance of"", ""result""], [""Joel Ekstrand"", ""sport"", ""football""]]"
Q1079775,"[[""Paul d'Albert de Luynes"", ""instance of"", ""human""], [""Paul d'Albert de Luynes"", ""position held"", ""the seventh occupant of Acad\u00e9mie fran\u00e7aise seat 29""], [""Paul d'Albert de Luynes"", ""participant in"", ""1743 election for Acad\u00e9mie fran\u00e7aise seat 29""]]"
Q1079973,"[[""Giovanni Garzia Millini"", ""instance of"", ""human""], [""Pope Paul V"", ""instance of"", ""human""], [""Bishop of Imola"", ""instance of"", ""episcopal title""], [""Cardinal"", ""instance of"", ""Catholic vocation""], [""Giovanni Garzia Millini"", ""occupation"", ""Cardinal""], [""Giovanni Garzia Millini"", ""position held"", ""Bishop of Imola""]]"
Q1080060,"[[""Tiziano Scarpa"", ""instance of"", ""human""], [""Venice"", ""instance of"", ""geographic entity""], [""Strega Prize"", ""instance of"", ""literary award""], [""Stabat mater"", ""instance of"", ""novel""], [""Tiziano Scarpa"", ""place of birth"", ""Venice""], [""Tiziano Scarpa"", ""award received"", ""Strega Prize""]]"
Q1081523,"[[""Lee Radziwill"", ""instance of"", ""human""], [""Herbert Ross"", ""instance of"", ""human""], [""Film director"", ""instance of"", ""occupation""], [""Choreographer"", ""instance of"", ""occupation""], [""Herbert Ross"", ""occupation"", ""Film director""], [""Herbert Ross"", ""occupation"", ""Choreographer""], [""Lee Radziwill"", ""spouse"", ""Herbert Ross""], [""Herbert Ross"", ""spouse"", ""Lee Radziwill""]]"
Q108165,"[[""Christine Westermann"", ""instance of"", ""human""], [""2010"", ""instance of"", ""year""], [""German Radio prize"", ""instance of"", ""award""], [""Best Interview"", ""instance of"", ""category""], [""Christine Westermann"", ""award received"", ""German Radio prize""]]"
Q1081935,"[[""Leonel R\u221a\u2260os"", ""instance of"", ""human""], [""Independiente"", ""instance of"", ""sports team""], [""Leonel R\u221a\u2260os"", ""member of sports team"", ""Independiente""], [""Apertura 2008 tournament"", ""instance of"", ""sports tournament""], [""Leonel R\u221a\u2260os"", ""work period (start)"", ""Apertura 2008 tournament""]]"
Q10819807,"[[""Andrej Babi\u0161"", ""instance of"", ""human""], [""ANO 2011"", ""instance of"", ""political party""], [""Andrej Babi\u0161"", ""member of political party"", ""ANO 2011""], [""Andrej Babi\u0161"", ""position held"", ""Prime Minister of Czech Republic""], [""ANO 2011"", ""founder"", ""Andrej Babi\u0161""]]"
Q1082092,"[[""Christian Terlizzi"", ""instance of"", ""human""], [""Sampdoria"", ""instance of"", ""sports team""], [""Calcio Catania"", ""instance of"", ""sports team""], [""Christian Terlizzi"", ""member of sports team"", ""Sampdoria""], [""Christian Terlizzi"", ""member of sports team"", ""Calcio Catania""]]"
Q1082123,"[[""Christian Tiboni"", ""instance of"", ""human""], [""Christian Tiboni"", ""member of sports team"", ""Pisa""], [""Christian Tiboni"", ""member of sports team"", ""Sassuolo""], [""Pisa"", ""instance of"", ""sports team""], [""Sassuolo"", ""instance of"", ""sports team""], [""2007 transfer window"", ""instance of"", ""time period""], [""January 2008"", ""instance of"", ""time period""]]"
Q108245,"[[""Friedrich Maurer"", ""instance of"", ""human""], [""Friedrich Maurer"", ""occupation"", ""member of Der Stahlhelm""], [""Friedrich Maurer"", ""occupation"", ""member of Sturmabteilung""], [""Der Stahlhelm"", ""instance of"", ""organization""], [""Sturmabteilung"", ""instance of"", ""organization""], [""Nazi party"", ""instance of"", ""political party""], [""Friedrich Maurer"", ""member of political party"", ""Nazi party""], [""Germany"", ""instance of"", ""sovereign state""]]"
Q108260,"[[""Pyotr Nikolayevich Wrangel"", ""instance of"", ""human""], [""major general"", ""instance of"", ""military rank""], [""2nd Brigade of the Ussuri Cavalry Division"", ""instance of"", ""military unit""], [""Consolidated Cavalry Corps"", ""instance of"", ""military unit""], [""Pyotr Nikolayevich Wrangel"", ""military rank"", ""major general""], [""Pyotr Nikolayevich Wrangel"", ""work period (start)"", ""January 1917""], [""2nd Brigade of the Ussuri Cavalry Division"", ""allegiance"", ""Pyotr Nikolayevich Wrangel""]]"
Q1082896,"[[""Shoji Meguro"", ""instance of"", ""human""], [""Atlus"", ""instance of"", ""company""], [""Shoji Meguro"", ""employer"", ""Atlus""]]"
Q1083483,"[[""Christine Crawley"", ""instance of"", ""human""], [""Christine Crawley, Baroness Crawley"", ""instance of"", ""human""], [""MEP"", ""instance of"", ""position""], [""West Midlands Regional Assembly"", ""instance of"", ""administrative territorial entity""], [""Christine Crawley"", ""position held"", ""MEP""], [""Christine Crawley"", ""position held"", ""member of West Midlands Regional Assembly""]]"
Q1083673,"[[""Mat\u00edas Masiero"", ""instance of"", ""human""], [""Central Espa\u00f1ol"", ""instance of"", ""sports team""], [""2006"", ""instance of"", ""year""], [""Mat\u00edas Masiero"", ""member of sports team"", ""Central Espa\u00f1ol""], [""Mat\u00edas Masiero"", ""work period (start)"", ""2006""]]"
Q1083986,"[[""Maria-Antonietta Macciocchi"", ""instance of"", ""human""], [""The European Parliament"", ""instance of"", ""political organization""], [""The Radical Party"", ""instance of"", ""political organization""], [""Maria-Antonietta Macciocchi"", ""member of political party"", ""The Radical Party""], [""Maria-Antonietta Macciocchi"", ""position held"", ""Member of the European Parliament (MEP)""], [""Member of the European Parliament (MEP)"", ""instance of"", ""position""], [""Member of the European Parliament (MEP)"", ""employer"", ""The European Parliament""]]"
Q1084442,"[[""Roberto Vitiello"", ""instance of"", ""human""], [""Siena"", ""instance of"", ""sports team""], [""Cesena"", ""instance of"", ""sports team""], [""Vicenza"", ""instance of"", ""sports team""], [""Roberto Vitiello"", ""member of sports team"", ""Siena""], [""Roberto Vitiello"", ""member of sports team"", ""Cesena""], [""Roberto Vitiello"", ""member of sports team"", ""Vicenza""]]"
Q108510,"[[""James Garner"", ""instance of"", ""human""], [""Oscar for Best Actor in a Leading Role"", ""instance of"", ""award""], [""Sally Field"", ""instance of"", ""human""], [""James Garner"", ""nominated for"", ""Oscar for Best Actor in a Leading Role""]]"
Q1085156,"[[""Massimo Piloni"", ""instance of"", ""human""], [""1978"", ""instance of"", ""year""], [""Pescara"", ""instance of"", ""sports team""], [""Rimini"", ""instance of"", ""sports team""], [""Massimo Piloni"", ""member of sports team"", ""Pescara""], [""Massimo Piloni"", ""member of sports team"", ""Rimini""], [""Massimo Piloni"", ""work period (start)"", ""1978""]]"
Q108560,"[[""A. R. Rahman"", ""instance of"", ""human""], [""Padma Bhushan"", ""instance of"", ""award""], [""A. R. Rahman"", ""award received"", ""Padma Bhushan""], [""India"", ""instance of"", ""country""], [""A. R. Rahman"", ""country of citizenship"", ""India""]]"
Q108634,"[[""Tom Buhrow"", ""instance of"", ""human""], [""Ulrich Wickert"", ""instance of"", ""human""], [""Tagesthemen"", ""instance of"", ""television program""], [""WDR"", ""instance of"", ""television station""], [""Tom Buhrow"", ""employer"", ""Tagesthemen""], [""Tom Buhrow"", ""employer"", ""WDR""]]"
Q108638,"[[""Anja Niedringhaus"", ""instance of"", ""person""], [""Anja Niedringhaus"", ""award received"", ""Nieman Fellowship""], [""Nieman Fellowship"", ""instance of"", ""award""], [""Harvard University"", ""instance of"", ""educational institution""], [""Anja Niedringhaus"", ""educated at"", ""Harvard University""], [""2007"", ""instance of"", ""year""]]"
Q1086856,"[[""Chris Montgomery"", ""instance of"", ""human""], [""Mozilla"", ""instance of"", ""organization""], [""Chris Montgomery"", ""employer"", ""Mozilla""]]"
Q1087016,"[[""Christopher Tin"", ""instance of"", ""human""], [""Christopher Tin"", ""educated at"", ""Stanford University""], [""BA with Honors"", ""instance of"", ""academic degree""], [""Christopher Tin"", ""education"", ""BA with Honors""], [""MA in Interdisciplinary Studies in Humanities"", ""instance of"", ""academic degree""], [""Christopher Tin"", ""education"", ""MA in Interdisciplinary Studies in Humanities""], [""Film Studies"", ""instance of"", ""academic discipline""], [""Christopher Tin"", ""field of work"", ""Film Studies""]]"
Q1087530,"[[""Fabio Pecchia"", ""instance of"", ""human""], [""Fabio Pecchia"", ""member of sports team"", ""Napoli""], [""Fabio Pecchia"", ""participant in"", ""loan""], [""Napoli"", ""instance of"", ""sports team""], [""loan"", ""instance of"", ""activity""]]"
Q10885,"[[""Fara Williams"", ""instance of"", ""human""], [""Fara Williams"", ""award received"", ""Premier League Cup""], [""Everton Ladies"", ""instance of"", ""sports team""], [""Fara Williams"", ""member of sports team"", ""Everton Ladies""], [""Premier League Cup"", ""instance of"", ""award""]]"
Q1088596,"[[""Juan Jos\u221a\u00a9 Arreola"", ""instance of"", ""human""], [""La feria (The Fair; 1963)"", ""instance of"", ""novel""], [""Juan Jos\u221a\u00a9 Arreola"", ""occupation"", ""writer""], [""Juan Jos\u221a\u00a9 Arreola"", ""notable work"", ""La feria (The Fair; 1963)""]]"
Q1088920,"[[""Andrea Parola"", ""instance of"", ""human""], [""Ascoli"", ""instance of"", ""sports team""], [""Cagliari"", ""instance of"", ""sports team""], [""Novara"", ""instance of"", ""sports team""], [""Andrea Parola"", ""member of sports team"", ""Ascoli""], [""Andrea Parola"", ""member of sports team"", ""Cagliari""], [""Andrea Parola"", ""member of sports team"", ""Novara""]]"
Q1088942,"[[""Simone Pesce"", ""instance of"", ""human""], [""Ascoli"", ""instance of"", ""sports team""], [""Serie A"", ""instance of"", ""sports league""], [""Simone Pesce"", ""member of sports team"", ""Ascoli""], [""Ascoli"", ""sport"", ""Serie A""]]"
Q1089088,"[[""Geeta Phogat"", ""instance of"", ""human""], [""Pawan Kumar"", ""instance of"", ""human""], [""Geeta Phogat"", ""spouse"", ""Pawan Kumar""], [""Pawan Kumar"", ""spouse"", ""Geeta Phogat""]]"
Q1089106,"[[""Mirko Pieri"", ""instance of"", ""human""], [""Sampdoria"", ""instance of"", ""sports team""], [""Fabio Quagliarella"", ""instance of"", ""human""], [""Salvatore Foti"", ""instance of"", ""human""], [""Mirko Pieri"", ""member of sports team"", ""Sampdoria""], [""Fabio Quagliarella"", ""member of sports team"", ""Sampdoria""]]"
Q108935,"[[""Mary Steenburgen"", ""instance of"", ""human""], [""Mary Steenburgen"", ""educated at"", ""Hendrix College""], [""1971"", ""instance of"", ""year""], [""Hendrix College"", ""instance of"", ""educational institution""], [""drama"", ""instance of"", ""academic discipline""]]"
Q108941,"[[""Carrie Fisher"", ""instance of"", ""human""], [""Paul Simon"", ""instance of"", ""human""], [""Star Wars"", ""instance of"", ""film""], [""Carrie Fisher"", ""occupation"", ""actor""], [""Paul Simon"", ""occupation"", ""musician""], [""Carrie Fisher"", ""country of citizenship"", ""United States""], [""Paul Simon"", ""country of citizenship"", ""United States""], [""Carrie Fisher"", ""sex or gender"", ""female""], [""Paul Simon"", ""sex or gender"", ""male""], [""Carrie Fisher"", ""unmarried partner"", ""Paul Simon""], [""Paul Simon"", ""unmarried partner"", ""Carrie Fisher""]]"
Q1089513,"[[""Jean Brooks"", ""instance of"", ""human""], [""Richard Brooks"", ""instance of"", ""human""], [""Richard Brooks"", ""spouse"", ""Jean Brooks""], [""Jean Brooks"", ""spouse"", ""Richard Brooks""]]"
Q10895264,"[[""Feng Yidai"", ""instance of"", ""human""], [""Huang Zongying"", ""instance of"", ""human""], [""Feng Yidai"", ""spouse"", ""Huang Zongying""], [""Huang Zongying"", ""occupation"", ""actress""], [""Huang Zongying"", ""occupation"", ""writer""]]"
Q10896,"[[""Jill Scott"", ""instance of"", ""human""], [""Sunderland"", ""instance of"", ""sports team""], [""Everton"", ""instance of"", ""sports team""], [""FA Women's Premier League Cup"", ""instance of"", ""award""], [""FA Women's Cup"", ""instance of"", ""award""], [""Doncaster Rovers Belles"", ""instance of"", ""sports team""], [""2006"", ""instance of"", ""year""], [""2008"", ""instance of"", ""year""], [""2010"", ""instance of"", ""year""], [""2013"", ""instance of"", ""year""], [""Jill Scott"", ""member of sports team"", ""Sunderland""], [""Jill Scott"", ""member of sports team"", ""Everton""], [""Jill Scott"", ""award received"", ""FA Women's Premier League Cup""], [""Jill Scott"", ""award received"", ""FA Women's Cup""], [""Jill Scott"", ""work period (start)"", ""2006""], [""Jill Scott"", ""work period (start)"", ""2013""]]"
Q108986,"[[""Soufian Benyamina"", ""instance of"", ""human""], [""Dynamo Dresden"", ""instance of"", ""sports team""], [""Carl Zeiss Jena"", ""instance of"", ""sports team""], [""VfB Stuttgart II"", ""instance of"", ""sports team""], [""Union Berlin"", ""instance of"", ""sports team""], [""FC Carl Zeiss Jena"", ""instance of"", ""sports team""], [""Soufian Benyamina"", ""member of sports team"", ""Dynamo Dresden""], [""Soufian Benyamina"", ""member of sports team"", ""VfB Stuttgart II""], [""Soufian Benyamina"", ""member of sports team"", ""Union Berlin""], [""Soufian Benyamina"", ""member of sports team"", ""FC Carl Zeiss Jena""], [""Soufian Benyamina"", ""member of sports team"", ""Carl Zeiss Jena""]]"
Q1091432,"[[""Jeff Bagwell"", ""instance of"", ""human""], [""Jeff Bagwell"", ""occupation"", ""baseball player""], [""Jeff Bagwell"", ""member of sports team"", ""Astros""], [""Jeff Bagwell"", ""award received"", ""National League (NL) Rookie of the Year""], [""Jeff Bagwell"", ""award received"", ""Baseball America Rookie of the Year""], [""Jeff Bagwell"", ""award received"", ""The Sporting News Rookie of the Year""], [""Jeff Bagwell"", ""award received"", ""All-Star""], [""Astros"", ""instance of"", ""sports team""], [""National League (NL)"", ""instance of"", ""sports league""], [""Astros"", ""league"", ""National League (NL)""], [""National League (NL) Rookie of the Year"", ""instance of"", ""award""], [""Baseball America Rookie of the Year"", ""instance of"", ""award""], [""The Sporting News Rookie of the Year"", ""instance of"", ""award""], [""All-Star"", ""instance of"", ""award""]]"
Q10916403,"[[""Ye Qianyu"", ""instance of"", ""human""], [""Dai Ailian"", ""instance of"", ""human""], [""Hong Kong"", ""instance of"", ""geographic location""], [""Dai Ailian"", ""occupation"", ""dancer""]]"
Q10919282,"[[""Wu Zhonghua"", ""instance of"", ""human""], [""Li Minhua"", ""instance of"", ""human""], [""physicist"", ""instance of"", ""occupation""], [""Lianda"", ""instance of"", ""educational institution""], [""Wu Zhonghua"", ""spouse"", ""Li Minhua""], [""Li Minhua"", ""spouse"", ""Wu Zhonghua""], [""Wu Zhonghua"", ""occupation"", ""physicist""], [""Li Minhua"", ""occupation"", ""physicist""], [""Wu Zhonghua"", ""educated at"", ""Lianda""], [""Li Minhua"", ""educated at"", ""Lianda""]]"
Q1091934,"[[""1963"", ""instance of"", ""year""], [""Cilia van Dijk"", ""instance of"", ""human""], [""Gerrit van Dijk"", ""instance of"", ""human""], [""Gerrit van Dijk"", ""occupation"", ""animator""], [""Cilia van Dijk"", ""spouse"", ""Gerrit van Dijk""], [""Gerrit van Dijk"", ""spouse"", ""Cilia van Dijk""]]"
Q109255,"[[""Bernard Hinault"", ""instance of"", ""human""], [""Gitane\\u201a\\u00c4\\u00ecCampagnolo team"", ""instance of"", ""sports team""], [""Jean Stablinski"", ""instance of"", ""human""], [""professional cyclist"", ""instance of"", ""occupation""], [""team manager"", ""instance of"", ""occupation""], [""professional cycling"", ""instance of"", ""sport""], [""Bernard Hinault"", ""occupation"", ""professional cyclist""], [""Bernard Hinault"", ""member of sports team"", ""Gitane\\u201a\\u00c4\\u00ecCampagnolo team""], [""Bernard Hinault"", ""participant in"", ""professional cycling""], [""Gitane\\u201a\\u00c4\\u00ecCampagnolo team"", ""participant in"", ""professional cycling""], [""Jean Stablinski"", ""occupation"", ""team manager""], [""Jean Stablinski"", ""participant in"", ""professional cycling""]]"
Q109269,"[[""Hanns Maa\u221a\u00fcen"", ""instance of"", ""human""], [""author"", ""instance of"", ""occupation""], [""Hanns Maa\u221a\u00fcen"", ""occupation"", ""author""], [""Heinrich Mann Prize 1957"", ""instance of"", ""award""], [""Patriotic Order of Merit Bronze 1959"", ""instance of"", ""award""], [""Kunstpreis der Stadt Leipzig 1960"", ""instance of"", ""award""], [""Vaterl\u221a\u00a7ndischer Verdienstorden Silver 1969"", ""instance of"", ""award""], [""Free German Trade Union Federation Art Prize 1979"", ""instance of"", ""award""], [""Patriotic Order of Merit Gold 1979"", ""instance of"", ""award""], [""Kleinmachnow"", ""instance of"", ""geographic location""], [""Hanns Maa\u221a\u00fcen"", ""award received"", ""Heinrich Mann Prize 1957""], [""Hanns Maa\u221a\u00fcen"", ""award received"", ""Patriotic Order of Merit Bronze 1959""], [""Hanns Maa\u221a\u00fcen"", ""award received"", ""Kunstpreis der Stadt Leipzig 1960""], [""Hanns Maa\u221a\u00fcen"", ""award received"", ""Vaterl\u221a\u00a7ndischer Verdienstorden Silver 1969""], [""Hanns Maa\u221a\u00fcen"", ""award received"", ""Free German Trade Union Federation Art Prize 1979""], [""Hanns Maa\u221a\u00fcen"", ""award received"", ""Patriotic Order of Merit Gold 1979""], [""Hanns Maa\u221a\u00fcen"", ""residence"", ""Kleinmachnow""]]"
Q1093570,"[[""23 July 2013"", ""instance of"", ""date""], [""Gianluca Freddi"", ""instance of"", ""human""], [""Brescia Calcio"", ""instance of"", ""sports team""], [""one-year deal"", ""instance of"", ""contract""], [""second year"", ""instance of"", ""time period""], [""Gianluca Freddi"", ""member of sports team"", ""Brescia Calcio""], [""Gianluca Freddi"", ""occupation"", ""footballer""]]"
Q109366,"[[""Rudolf Platte"", ""instance of"", ""human""], [""Georgia Lind"", ""instance of"", ""human""], [""Rudolf Platte"", ""spouse"", ""Georgia Lind""], [""Georgia Lind"", ""spouse"", ""Rudolf Platte""]]"
Q109428,"[[""Diego Ribas da Cunha"", ""instance of"", ""human""], [""Werder Bremen"", ""instance of"", ""sports team""], [""Juventus"", ""instance of"", ""sports team""], [""Wolfsburg"", ""instance of"", ""sports team""], [""Atl\u221a\u00a9tico Madrid"", ""instance of"", ""sports team""], [""Diego Ribas da Cunha"", ""member of sports team"", ""Werder Bremen""], [""Diego Ribas da Cunha"", ""member of sports team"", ""Juventus""], [""Diego Ribas da Cunha"", ""member of sports team"", ""Wolfsburg""], [""Diego Ribas da Cunha"", ""member of sports team"", ""Atl\u221a\u00a9tico Madrid""]]"
Q1094716,"[[""Claiborne Pell"", ""instance of"", ""human""], [""Claiborne Pell"", ""educated at"", ""Columbia University""], [""Columbia University"", ""instance of"", ""academic institution""], [""International Relations"", ""instance of"", ""occupation""], [""Master of Arts"", ""instance of"", ""academic degree""], [""Claiborne Pell"", ""occupation"", ""International Relations""], [""Claiborne Pell"", ""award received"", ""Master of Arts""]]"
Q1094812,"[[""Claire Lovett"", ""instance of"", ""human""], [""Canadian Olympic Hall of Fame"", ""instance of"", ""hall of fame""], [""BC Sports Hall of Fame"", ""instance of"", ""hall of fame""], [""Claire Lovett"", ""award received"", ""Canadian Olympic Hall of Fame""], [""Claire Lovett"", ""award received"", ""BC Sports Hall of Fame""], [""1972"", ""instance of"", ""year""], [""1975"", ""instance of"", ""year""]]"
Q10951943,"[[""Seymour Crawford"", ""instance of"", ""human""], [""27th D\u221a\u00b0il"", ""instance of"", ""political organization""], [""1992 general election"", ""instance of"", ""election""], [""Seymour Crawford"", ""position held"", ""TD""], [""Seymour Crawford"", ""position held"", ""elected at the 1992 general election""]]"
Q1095307,"[[""Clare Eugene Hoffman"", ""instance of"", ""human""], [""Northwestern University"", ""instance of"", ""educational institution""], [""law department of Northwestern University"", ""instance of"", ""division of an educational institution""], [""Evanston, Illinois"", ""instance of"", ""geographic location""], [""Clare Eugene Hoffman"", ""educated at"", ""law department of Northwestern University""]]"
Q109553,"[[""Renato Dulbecco"", ""instance of"", ""person""], [""Theodore Puck"", ""instance of"", ""person""], [""Harry Eagle"", ""instance of"", ""person""], [""Louisa Gross Horwitz Prize"", ""instance of"", ""award""], [""Columbia University"", ""instance of"", ""educational institution""], [""Renato Dulbecco"", ""award received"", ""Louisa Gross Horwitz Prize""], [""Theodore Puck"", ""award received"", ""Louisa Gross Horwitz Prize""], [""Harry Eagle"", ""award received"", ""Louisa Gross Horwitz Prize""]]"
Q109559,"[[""Thomas A. Steitz"", ""instance of"", ""human""], [""Venkatraman Ramakrishnan"", ""instance of"", ""human""], [""Ada Yonath"", ""instance of"", ""human""], [""2009 Nobel Prize in Chemistry"", ""instance of"", ""award""], [""Thomas A. Steitz"", ""award received"", ""2009 Nobel Prize in Chemistry""], [""Venkatraman Ramakrishnan"", ""award received"", ""2009 Nobel Prize in Chemistry""], [""Ada Yonath"", ""award received"", ""2009 Nobel Prize in Chemistry""]]"
Q1095677,"[[""Ivan Fomich Pavlov"", ""instance of"", ""human""], [""Hero of the Soviet Union"", ""instance of"", ""award""], [""Ivan Fomich Pavlov"", ""award received"", ""Hero of the Soviet Union""], [""Soviet Union"", ""instance of"", ""country""], [""Ivan Fomich Pavlov"", ""country of citizenship"", ""Soviet Union""], [""Air Force"", ""instance of"", ""military branch""], [""Ivan Fomich Pavlov"", ""military branch"", ""Air Force""], [""Pilot"", ""instance of"", ""occupation""], [""Ivan Fomich Pavlov"", ""occupation"", ""Pilot""]]"
Q109588,"[[""September 2012"", ""instance of"", ""time period""], [""Serge Haroche"", ""instance of"", ""human""], [""Coll\u221a\u00aege de France"", ""instance of"", ""educational institution""], [""administrator"", ""instance of"", ""position""], [""Serge Haroche"", ""position held"", ""administrator""], [""Serge Haroche"", ""employer"", ""Coll\u221a\u00aege de France""]]"
Q10959,"[[""Ruzena Bajcsy"", ""instance of"", ""human""], [""2009 Benjamin Franklin Medal in Computer and Cognitive Science"", ""instance of"", ""award""], [""Robotics"", ""instance of"", ""field of work""], [""Computer Vision"", ""instance of"", ""field of work""], [""Ruzena Bajcsy"", ""award received"", ""2009 Benjamin Franklin Medal in Computer and Cognitive Science""], [""Ruzena Bajcsy"", ""field of work"", ""Robotics""], [""Ruzena Bajcsy"", ""field of work"", ""Computer Vision""]]"
Q109608,"[[""Sophia Thomalla"", ""instance of"", ""human""], [""Andy LaPlegua"", ""instance of"", ""human""], [""Marietta, Georgia"", ""instance of"", ""geographic location""], [""Berlin"", ""instance of"", ""geographic location""], [""Potsdam"", ""instance of"", ""geographic location""], [""Sophia Thomalla"", ""spouse"", ""Andy LaPlegua""], [""Sophia Thomalla"", ""residence"", ""Berlin""], [""Sophia Thomalla"", ""residence"", ""Potsdam""], [""Sophia Thomalla"", ""occupation"", ""professional reasons""]]"
Q10961701,"[[""Frances Ford Seymour"", ""instance of"", ""human""], [""George Tuttle Brokaw"", ""instance of"", ""human""], [""Clare Boothe Luce"", ""instance of"", ""human""], [""Frances Ford Seymour"", ""spouse"", ""George Tuttle Brokaw""], [""George Tuttle Brokaw"", ""spouse"", ""Frances Ford Seymour""], [""George Tuttle Brokaw"", ""spouse"", ""Clare Boothe Luce""], [""Clare Boothe Luce"", ""spouse"", ""George Tuttle Brokaw""]]"
Q10964400,"[[""Kirtinath Kurtakoti"", ""instance of"", ""human""], [""Sahitya Akademi Award"", ""instance of"", ""award""], [""Uriya Nalage"", ""instance of"", ""written work""], [""Kirtinath Kurtakoti"", ""award received"", ""Sahitya Akademi Award""], [""Kirtinath Kurtakoti"", ""notable work"", ""Uriya Nalage""]]"
Q1097007,"[[""Claude Moraes"", ""instance of"", ""human""], [""European Parliament"", ""instance of"", ""political organization""], [""1999 European elections"", ""instance of"", ""public election""], [""South Asian (Indian) origin"", ""instance of"", ""ethnic group""], [""London"", ""instance of"", ""city""], [""MEP"", ""instance of"", ""position""], [""United Kingdom"", ""instance of"", ""sovereign state""], [""India"", ""instance of"", ""sovereign state""], [""English"", ""instance of"", ""languoid""], [""Claude Moraes"", ""position held"", ""MEP""], [""Claude Moraes"", ""candidacy in election"", ""1999 European elections""], [""Claude Moraes"", ""country of citizenship"", ""United Kingdom""], [""Claude Moraes"", ""place of birth"", ""India""], [""Claude Moraes"", ""languages spoken, written or signed"", ""English""], [""Claude Moraes"", ""member of political party"", ""European Parliament""], [""Claude Moraes"", ""work location"", ""London""]]"
Q109731,"[[""Edwin G. Krebs"", ""instance of"", ""human""], [""University of Washington, Seattle"", ""instance of"", ""educational institution""], [""Edwin G. Krebs"", ""employer"", ""University of Washington, Seattle""]]"
Q1097511,"[[""J. J. Watt"", ""instance of"", ""human""], [""University of Wisconsin"", ""instance of"", ""educational institution""], [""J. J. Watt"", ""educated at"", ""University of Wisconsin""], [""Houston Texans"", ""instance of"", ""sports team""], [""J. J. Watt"", ""member of sports team"", ""Houston Texans""], [""American football"", ""instance of"", ""sport""], [""J. J. Watt"", ""occupation"", ""American football""], [""2011 NFL Draft"", ""instance of"", ""event""], [""J. J. Watt"", ""nominated for"", ""2011 NFL Draft""]]"
Q1097566,"[[""Stefano Torrisi"", ""instance of"", ""human""], [""Reggiana"", ""instance of"", ""sports team""], [""Milan"", ""instance of"", ""sports team""], [""Torino"", ""instance of"", ""sports team""], [""1994 summer"", ""instance of"", ""time period""], [""June"", ""instance of"", ""time period""], [""friendly matches"", ""instance of"", ""sports event""], [""Stefano Torrisi"", ""member of sports team"", ""Reggiana""], [""Stefano Torrisi"", ""member of sports team"", ""Milan""], [""Stefano Torrisi"", ""member of sports team"", ""Torino""]]"
Q1098155,"[[""Claudio Rivalta"", ""instance of"", ""human""], [""Torino"", ""instance of"", ""sports team""], [""Claudio Rivalta"", ""member of sports team"", ""Torino""]]"
Q1098196,"[[""Bologna"", ""instance of"", ""sports team""], [""Coppa Italia"", ""instance of"", ""sports game""], [""Daniele Portanova"", ""instance of"", ""human""], [""Claudio Terzi"", ""instance of"", ""human""], [""Serie A"", ""instance of"", ""sports game""], [""Claudio Terzi"", ""member of sports team"", ""Bologna""], [""Daniele Portanova"", ""instance of"", ""human""]]"
Q1098369,"[[""Alberto Di Chiara"", ""instance of"", ""human""], [""Fiorentina"", ""instance of"", ""sports team""], [""Lecce"", ""instance of"", ""sports team""], [""Alberto Di Chiara"", ""member of sports team"", ""Fiorentina""], [""Alberto Di Chiara"", ""member of sports team"", ""Lecce""]]"
Q109852,"[[""Uwe Bialon"", ""instance of"", ""human""], [""VfB Stuttgart"", ""instance of"", ""sports team""], [""VfL Bochum"", ""instance of"", ""sports team""], [""Bundesliga"", ""instance of"", ""sports league""], [""Uwe Bialon"", ""member of sports team"", ""VfB Stuttgart""], [""23 October 1982"", ""instance of"", ""date""], [""5\u201a\u00c4\u00ec2"", ""instance of"", ""score""], [""Uwe Bialon"", ""sport"", ""soccer""]]"
Q109868,"[[""Birgit Prinz"", ""instance of"", ""human""], [""TSG 1899 Hoffenheim"", ""instance of"", ""sports team""], [""Birgit Prinz"", ""member of sports team"", ""TSG 1899 Hoffenheim""]]"
Q1098851,"[[""Claus Thomsen"", ""instance of"", ""human""], [""VfL Wolfsburg"", ""instance of"", ""sports team""], [""Ipswich Town"", ""instance of"", ""sports team""], [""Claus Thomsen"", ""member of sports team"", ""VfL Wolfsburg""], [""Claus Thomsen"", ""member of sports team"", ""Ipswich Town""], [""Claus Thomsen"", ""participant in"", ""football""], [""football"", ""instance of"", ""sport""]]"
Q1099172,"[[""Clay Armstrong"", ""instance of"", ""human""], [""2001 Gairdner Foundation International Award"", ""instance of"", ""award""], [""Louisa Gross Horwitz Prize"", ""instance of"", ""award""], [""Albert Lasker Award for Basic Medical Research"", ""instance of"", ""award""], [""Clay Armstrong"", ""award received"", ""2001 Gairdner Foundation International Award""], [""Clay Armstrong"", ""award received"", ""Louisa Gross Horwitz Prize""], [""Clay Armstrong"", ""award received"", ""Albert Lasker Award for Basic Medical Research""]]"
Q109956,"[[""Hedda Vernon"", ""instance of"", ""human""], [""Hubert Moest"", ""instance of"", ""human""], [""Hedda Vernon"", ""spouse"", ""Hubert Moest""], [""Hubert Moest"", ""occupation"", ""director""], [""Hubert Moest"", ""occupation"", ""producer""], [""Hubert Moest"", ""occupation"", ""screenwriter""], [""Hubert Moest"", ""occupation"", ""actor""]]"
Q1099987,"[[""Clemens J. Setz"", ""instance of"", ""human""], [""2020"", ""instance of"", ""year""], [""Jakob-Wassermann-Literaturpreis"", ""instance of"", ""award""], [""Kleist Prize"", ""instance of"", ""award""], [""Clemens J. Setz"", ""award received"", ""Jakob-Wassermann-Literaturpreis""], [""Clemens J. Setz"", ""award received"", ""Kleist Prize""]]"
Q1100196,"[[""Ken Rosenthal"", ""instance of"", ""human""], [""The Athletic"", ""instance of"", ""periodical""], [""Ken Rosenthal"", ""occupation"", ""senior baseball writer""], [""Ken Rosenthal"", ""employer"", ""The Athletic""]]"
Q110043,"[[""The Birds"", ""instance of"", ""film""], [""National Film Registry"", ""instance of"", ""organization""], [""United States Library of Congress"", ""instance of"", ""organization""], [""The Birds"", ""part of"", ""National Film Registry""]]"
Q1100449,"[[""Gabriele Perico"", ""instance of"", ""human""], [""Gabriele Perico"", ""given name"", ""Gabriele""], [""Perico"", ""instance of"", ""family name""], [""Gabriele Perico"", ""family name"", ""Perico""], [""AlbinoLeffe"", ""instance of"", ""sports team""], [""Gabriele Perico"", ""member of sports team"", ""AlbinoLeffe""], [""Serie B"", ""instance of"", ""sports league""], [""Venezia"", ""instance of"", ""sports team""], [""11 September 2004"", ""instance of"", ""date""], [""2\u201a\u00c4\u00ec0 victory against Venezia"", ""instance of"", ""sports result""], [""Gabriele Perico"", ""sport"", ""football""]]"
Q110053,"[[""Mats Hummels"", ""instance of"", ""human""], [""Mats Hummels"", ""member of sports team"", ""Bayern Munich""], [""Bayern Munich"", ""instance of"", ""sports team""], [""Borussia Dortmund"", ""instance of"", ""sports team""], [""Mats Hummels"", ""member of sports team"", ""Borussia Dortmund""]]"
Q1100652,"[[""Cleto Bellucci"", ""instance of"", ""human""], [""Cleto Bellucci"", ""occupation"", ""auxiliary archbishop""], [""Cleto Bellucci"", ""position held"", ""auxiliary archbishop of the Diocese of Taranto""], [""Cleto Bellucci"", ""position held"", ""titular bishop of Melzi""], [""Diocese of Taranto"", ""instance of"", ""diocese""], [""Melzi"", ""instance of"", ""titular see""], [""auxiliary archbishop"", ""instance of"", ""position""], [""titular bishop of Melzi"", ""instance of"", ""position""]]"
Q1100770,"[[""Cleveland Monroe Bailey"", ""instance of"", ""human""], [""Geneva College"", ""instance of"", ""educational institution""], [""Beaver Falls"", ""instance of"", ""geographic location""], [""Pennsylvania"", ""instance of"", ""sovereign state""], [""1908"", ""instance of"", ""year""], [""Cleveland Monroe Bailey"", ""educated at"", ""Geneva College""], [""Cleveland Monroe Bailey"", ""place of birth"", ""Beaver Falls""], [""Cleveland Monroe Bailey"", ""country of citizenship"", ""Pennsylvania""]]"
Q1100946,"[[""Ann Romney"", ""instance of"", ""human""], [""Brigham Young University (BYU)"", ""instance of"", ""educational institution""], [""Mitt Romney"", ""instance of"", ""human""], [""Ann Romney"", ""spouse"", ""Mitt Romney""], [""Ann Romney"", ""educated at"", ""Brigham Young University (BYU)""]]"
Q1101243,"[[""Clifford Davis"", ""instance of"", ""human""], [""1928"", ""instance of"", ""year""], [""1940"", ""instance of"", ""year""], [""Vice Mayor"", ""instance of"", ""position""], [""Commissioner of Public Safety"", ""instance of"", ""position""], [""Clifford Davis"", ""position held"", ""Vice Mayor""], [""Clifford Davis"", ""position held"", ""Commissioner of Public Safety""]]"
Q11012539,"[[""Homen Borgohain"", ""instance of"", ""human""], [""1978 Sahitya Akademi Award"", ""instance of"", ""award""], [""Pita Putra"", ""instance of"", ""novel""], [""Assamese language"", ""instance of"", ""languoid""], [""Homen Borgohain"", ""award received"", ""1978 Sahitya Akademi Award""], [""Pita Putra"", ""writing language"", ""Assamese language""]]"
Q1102044,"[[""Paola Binetti"", ""instance of"", ""human""], [""UDC"", ""instance of"", ""political party""], [""2010"", ""instance of"", ""time period""], [""Paola Binetti"", ""member of political party"", ""UDC""]]"
Q11031492,"[[""Joan Bastardas i Parera"", ""instance of"", ""human""], [""Cross Creu de Sant Jordi"", ""instance of"", ""award""], [""Generalitat de Catalunya"", ""instance of"", ""organization""], [""Prize Manuel Sanchis Guarner"", ""instance of"", ""award""], [""Essay Prize by the Instituci\u00f3 de les Lletres Catalanes"", ""instance of"", ""award""], [""Medal of the Institut d'Estudis Catalanes"", ""instance of"", ""award""], [""Joan Bastardas i Parera"", ""award received"", ""Cross Creu de Sant Jordi""], [""Joan Bastardas i Parera"", ""award received"", ""Prize Manuel Sanchis Guarner""], [""Joan Bastardas i Parera"", ""award received"", ""Essay Prize by the Instituci\u00f3 de les Lletres Catalanes""], [""Joan Bastardas i Parera"", ""award received"", ""Medal of the Institut d'Estudis Catalanes""]]"
Q110428,"[[""R\u00fcdiger Grube"", ""instance of"", ""human""], [""Cornelia Poletto"", ""instance of"", ""human""], [""Deutsche Bahn AG"", ""instance of"", ""company""], [""CEO"", ""instance of"", ""position""], [""R\u00fcdiger Grube"", ""employer"", ""Deutsche Bahn AG""], [""R\u00fcdiger Grube"", ""position held"", ""CEO""], [""R\u00fcdiger Grube"", ""spouse"", ""Cornelia Poletto""], [""chef"", ""instance of"", ""occupation""], [""Cornelia Poletto"", ""occupation"", ""chef""]]"
Q110436,"[[""Cory Doctorow"", ""instance of"", ""human""], [""2007 EFF Pioneer Award"", ""instance of"", ""award""], [""red cape"", ""instance of"", ""artificial physical object""], [""goggles"", ""instance of"", ""artificial physical object""], [""balloon"", ""instance of"", ""artificial physical object""], [""Cory Doctorow"", ""award received"", ""2007 EFF Pioneer Award""]]"
Q1105338,"[[""Marc Nygaard"", ""instance of"", ""human""], [""Marc Nygaard"", ""occupation"", ""footballer""], [""Marc Nygaard"", ""member of sports team"", ""SC Heerenveen""]]"
Q11067464,"[[""Zhang Qinqiu"", ""instance of"", ""human""], [""Chen Changhao"", ""instance of"", ""human""], [""Fourth Front Army"", ""instance of"", ""military position""], [""28 Bolsheviks"", ""instance of"", ""political party""], [""political commissar"", ""instance of"", ""occupation""], [""Zhang Qinqiu"", ""spouse"", ""Chen Changhao""], [""Chen Changhao"", ""occupation"", ""political commissar""], [""Chen Changhao"", ""position held"", ""Fourth Front Army""], [""Zhang Qinqiu"", ""member of political party"", ""28 Bolsheviks""], [""Chen Changhao"", ""member of political party"", ""28 Bolsheviks""]]"
Q1107006,"[[""Ken Thompson"", ""instance of"", ""human""], [""Bell Labs"", ""instance of"", ""company""], [""University of California, Berkeley"", ""instance of"", ""educational institution""], [""Electrical Engineering and Computer Science"", ""instance of"", ""academic discipline""], [""Elwyn Berlekamp"", ""instance of"", ""human""], [""Ken Thompson"", ""employer"", ""Bell Labs""], [""Ken Thompson"", ""educated at"", ""University of California, Berkeley""], [""Ken Thompson"", ""field of work"", ""Electrical Engineering and Computer Science""], [""Ken Thompson"", ""member of"", ""Elwyn Berlekamp""]]"
Q110709,"[[""Annibale de Gasparis"", ""instance of"", ""human""], [""Senator of the Kingdom of Italy"", ""instance of"", ""position""], [""Kingdom of Italy"", ""instance of"", ""sovereign state""], [""Annibale de Gasparis"", ""position held"", ""Senator of the Kingdom of Italy""]]"
Q110740,"[[""Martin Ostwald"", ""instance of"", ""human""], [""Swarthmore"", ""instance of"", ""educational institution""], [""Penn"", ""instance of"", ""educational institution""], [""Martin Ostwald"", ""employer"", ""Swarthmore""], [""Martin Ostwald"", ""employer"", ""Penn""]]"
Q11074254,"[[""Biljana Borzan"", ""instance of"", ""human""], [""2013 European Parliament election"", ""instance of"", ""election""], [""2014 election"", ""instance of"", ""election""], [""2019 election"", ""instance of"", ""election""], [""Biljana Borzan"", ""position held"", ""Member of the European Parliament""], [""Biljana Borzan"", ""country of citizenship"", ""Croatia""], [""Croatia"", ""instance of"", ""sovereign state""], [""Member of the European Parliament"", ""instance of"", ""position""]]"
Q110783,"[[""Britta Reimers"", ""instance of"", ""human""], [""Member of the European Parliament"", ""instance of"", ""position""], [""Germany"", ""instance of"", ""sovereign state""], [""Britta Reimers"", ""position held"", ""Member of the European Parliament""], [""Britta Reimers"", ""country of citizenship"", ""Germany""]]"
Q1107932,"[[""Carlo Gaudenzio Madruzzo"", ""instance of"", ""human""], [""Pope Clement VIII"", ""instance of"", ""human""], [""the title of cardinal"", ""instance of"", ""title of authority""], [""San Cesareo in Palatio"", ""instance of"", ""geographic location""], [""Carlo Gaudenzio Madruzzo"", ""occupation"", ""the title of cardinal""], [""Carlo Gaudenzio Madruzzo"", ""position held"", ""the title of cardinal""], [""Pope Clement VIII"", ""position held"", ""papacy""]]"
Q11087378,"[[""Hannah Quinlivan"", ""instance of"", ""human""], [""Jay Chou"", ""instance of"", ""human""], [""Jay Chou"", ""instance of"", ""singer""], [""Jay Chou"", ""instance of"", ""actor""], [""Hannah Quinlivan"", ""spouse"", ""Jay Chou""]]"
Q110916,"[[""Hideki Shirakawa"", ""instance of"", ""human""], [""Alan J."", ""instance of"", ""human""], [""2000 Nobel Prize in Chemistry"", ""instance of"", ""award""], [""UPenn"", ""instance of"", ""educational institution""], [""Hideki Shirakawa"", ""award received"", ""2000 Nobel Prize in Chemistry""], [""Alan J."", ""award received"", ""2000 Nobel Prize in Chemistry""], [""Physics professor"", ""instance of"", ""occupation""], [""Alan J."", ""occupation"", ""Physics professor""], [""Alan J."", ""employer"", ""UPenn""]]"
Q1109397,"[[""Sten Stensen"", ""instance of"", ""human""], [""Sten Stensen"", ""award received"", ""Oscar Mathisen Award""], [""1974"", ""instance of"", ""year""], [""1976"", ""instance of"", ""year""]]"
Q1109531,"[[""Geir Karlstad"", ""instance of"", ""human""], [""Geir Karlstad"", ""award received"", ""Oscar Mathisen Award""], [""Oscar Mathisen Award"", ""instance of"", ""award""], [""1986"", ""instance of"", ""year""]]"
Q110957,"[[""Kurt W\u221a\u00bathrich"", ""instance of"", ""human""], [""Louisa Gross Horwitz Prize"", ""instance of"", ""award""], [""Louis-Jeantet Prize for Medicine"", ""instance of"", ""award""], [""Otto Warburg Medal"", ""instance of"", ""award""], [""Nobel Prize in Chemistry"", ""instance of"", ""award""], [""nuclear magnetic resonance spectroscopy"", ""instance of"", ""field of work""], [""Kurt W\u221a\u00bathrich"", ""award received"", ""Louisa Gross Horwitz Prize""], [""Kurt W\u221a\u00bathrich"", ""award received"", ""Louis-Jeantet Prize for Medicine""], [""Kurt W\u221a\u00bathrich"", ""award received"", ""Otto Warburg Medal""], [""Kurt W\u221a\u00bathrich"", ""award received"", ""Nobel Prize in Chemistry""], [""Kurt W\u221a\u00bathrich"", ""field of work"", ""nuclear magnetic resonance spectroscopy""]]"
Q11096665,"[[""Li Minhua"", ""instance of"", ""human""], [""Wu Zhonghua"", ""instance of"", ""human""], [""Physics"", ""instance of"", ""field of work""], [""Tsinghua/Lianda"", ""instance of"", ""educational institution""], [""Li Minhua"", ""occupation"", ""Physics""], [""Wu Zhonghua"", ""occupation"", ""Physics""], [""Li Minhua"", ""spouse"", ""Wu Zhonghua""], [""Wu Zhonghua"", ""employer"", ""Tsinghua/Lianda""], [""Wu Zhonghua"", ""educated at"", ""Tsinghua/Lianda""]]"
Q110968,"[[""Tjalling Koopmans"", ""instance of"", ""human""], [""Leiden University"", ""instance of"", ""educational institution""], [""Hendrik Kramers"", ""instance of"", ""human""], [""Tjalling Koopmans"", ""educated at"", ""Leiden University""], [""Tjalling Koopmans"", ""doctoral advisor"", ""Hendrik Kramers""]]"
Q1110075,"[[""Colm Burke"", ""instance of"", ""human""], [""Seanad \\u221a\\u00e2ireann"", ""instance of"", ""position""], [""Industrial and Commercial Panel"", ""instance of"", ""political organization""], [""Member of the European Parliament (MEP)"", ""instance of"", ""position""], [""South"", ""instance of"", ""geographic location""], [""Lord Mayor of Cork"", ""instance of"", ""position""], [""Cork"", ""instance of"", ""city""], [""Colm Burke"", ""position held"", ""Seanad \\u221a\\u00e2ireann""], [""Colm Burke"", ""position held"", ""Member of the European Parliament (MEP)""], [""Colm Burke"", ""position held"", ""Lord Mayor of Cork""], [""Colm Burke"", ""member of political party"", ""Industrial and Commercial Panel""], [""Colm Burke"", ""work location"", ""South""], [""Colm Burke"", ""work location"", ""Cork""]]"
